author_id,goal_slug,title,description,difficulty,diet_type,meal_type,meal_time,prep_time,cook_time,servings,instructions,ingredients,image_url,video_url
1,weight-loss,Wellness Boost 1 for Weight Loss,A healthy recipe designed to support weight loss.,easy,balanced,dinner,noon,12,4,3,1. Prepare ingredients. 2. Combine and serve.,raspberries-raw:38;hemp-seeds:37;tomato-fresh:53,seed/weightloss-recipes.jpg;seed/weightloss-products.jpg;seed/weightloss-workouts.jpg,
1,weight-loss,Wellness Boost 2 for Weight Loss,A healthy recipe designed to support weight loss.,easy,high-protein,breakfast,noon,18,7,2,1. Prepare ingredients. 2. Combine and serve.,almonds-raw:101;chicken-breast:69;olive-oil:85;tomato-fresh:116;spinach-raw:56,seed/weightloss-recipes.jpg;seed/weightloss-products.jpg;seed/weightloss-workouts.jpg,
1,weight-loss,Wellness Boost 3 for Weight Loss,A healthy recipe designed to support weight loss.,easy,paleo,breakfast,evening,16,19,2,1. Prepare ingredients. 2. Combine and serve.,chickpeas-cooked:126;raspberries-raw:50;chia-seeds:171,seed/weightloss-recipes.jpg;seed/weightloss-products.jpg;seed/weightloss-workouts.jpg,
1,weight-loss,Wellness Boost 4 for Weight Loss,A healthy recipe designed to support weight loss.,medium,vegan,lunch,morning,6,21,1,1. Prepare ingredients. 2. Combine and serve.,hemp-seeds:101;strawberries-raw:146;chia-seeds:192;cucumber-fresh:123,seed/weightloss-recipes.jpg;seed/weightloss-products.jpg;seed/weightloss-workouts.jpg,
1,weight-loss,Wellness Boost 5 for Weight Loss,A healthy recipe designed to support weight loss.,easy,vegan,dinner,noon,13,22,3,1. Prepare ingredients. 2. Combine and serve.,hemp-seeds:148;olive-oil:127;raspberries-raw:99;strawberries-raw:193;rolled-oats:172,seed/weightloss-recipes.jpg;seed/weightloss-products.jpg;seed/weightloss-workouts.jpg,
1,weight-loss,Wellness Boost 6 for Weight Loss,A healthy recipe designed to support weight loss.,easy,vegan,breakfast,noon,6,25,2,1. Prepare ingredients. 2. Combine and serve.,almonds-raw:84;hemp-seeds:197;blueberries-raw:157;spinach-raw:131,seed/weightloss-recipes.jpg;seed/weightloss-products.jpg;seed/weightloss-workouts.jpg,
1,weight-loss,Wellness Boost 7 for Weight Loss,A healthy recipe designed to support weight loss.,medium,high-protein,dinner,noon,12,23,3,1. Prepare ingredients. 2. Combine and serve.,almonds-raw:86;rolled-oats:65;tomato-fresh:160;cucumber-fresh:156;quinoa-cooked:53,seed/weightloss-recipes.jpg;seed/weightloss-products.jpg;seed/weightloss-workouts.jpg,
1,weight-loss,Wellness Boost 8 for Weight Loss,A healthy recipe designed to support weight loss.,easy,balanced,lunch,noon,18,19,1,1. Prepare ingredients. 2. Combine and serve.,cucumber-fresh:171;chickpeas-cooked:32;flax-seeds:59;almonds-raw:167,seed/weightloss-recipes.jpg;seed/weightloss-products.jpg;seed/weightloss-workouts.jpg,
1,weight-loss,Wellness Boost 9 for Weight Loss,A healthy recipe designed to support weight loss.,medium,vegan,breakfast,evening,18,5,2,1. Prepare ingredients. 2. Combine and serve.,almonds-raw:159;flax-seeds:57;olive-oil:190,seed/weightloss-recipes.jpg;seed/weightloss-products.jpg;seed/weightloss-workouts.jpg,
1,weight-loss,Wellness Boost 10 for Weight Loss,A healthy recipe designed to support weight loss.,medium,high-protein,lunch,evening,10,17,3,1. Prepare ingredients. 2. Combine and serve.,whey-protein-isolate:34;spinach-raw:58;yogurt-plain:122,seed/weightloss-recipes.jpg;seed/weightloss-products.jpg;seed/weightloss-workouts.jpg,
1,weight-loss,Wellness Boost 11 for Weight Loss,A healthy recipe designed to support weight loss.,medium,high-protein,breakfast,noon,7,2,3,1. Prepare ingredients. 2. Combine and serve.,hemp-seeds:198;raspberries-raw:151;lemon-juice:170;rolled-oats:72,seed/weightloss-recipes.jpg;seed/weightloss-products.jpg;seed/weightloss-workouts.jpg,
1,weight-loss,Wellness Boost 12 for Weight Loss,A healthy recipe designed to support weight loss.,medium,paleo,lunch,noon,14,12,3,1. Prepare ingredients. 2. Combine and serve.,quinoa-cooked:93;chickpeas-cooked:87;flax-seeds:46;rolled-oats:116;chia-seeds:35,seed/weightloss-recipes.jpg;seed/weightloss-products.jpg;seed/weightloss-workouts.jpg,
1,weight-loss,Wellness Boost 13 for Weight Loss,A healthy recipe designed to support weight loss.,easy,high-protein,breakfast,morning,6,7,1,1. Prepare ingredients. 2. Combine and serve.,spinach-raw:90;hemp-seeds:101;flax-seeds:154,seed/weightloss-recipes.jpg;seed/weightloss-products.jpg;seed/weightloss-workouts.jpg,
1,weight-loss,Wellness Boost 14 for Weight Loss,A healthy recipe designed to support weight loss.,easy,high-protein,snack,noon,20,25,2,1. Prepare ingredients. 2. Combine and serve.,chia-seeds:120;whey-protein-isolate:138;tomato-fresh:135,seed/weightloss-recipes.jpg;seed/weightloss-products.jpg;seed/weightloss-workouts.jpg,
1,weight-loss,Wellness Boost 15 for Weight Loss,A healthy recipe designed to support weight loss.,medium,balanced,breakfast,morning,17,23,2,1. Prepare ingredients. 2. Combine and serve.,strawberries-raw:167;blueberries-raw:144;rolled-oats:65,seed/weightloss-recipes.jpg;seed/weightloss-products.jpg;seed/weightloss-workouts.jpg,
1,fat-loss,Wellness Boost 1 for Fat Loss,A healthy recipe designed to support fat loss.,medium,high-protein,dinner,post-workout,12,2,2,1. Prepare ingredients. 2. Combine and serve.,chia-seeds:90;almond-milk:72;raspberries-raw:134;chicken-breast:154;hemp-seeds:153,seed/weightloss-recipes.jpg;seed/weightloss-products.jpg;seed/weightloss-workouts.jpg,
1,fat-loss,Wellness Boost 2 for Fat Loss,A healthy recipe designed to support fat loss.,easy,paleo,breakfast,noon,17,0,2,1. Prepare ingredients. 2. Combine and serve.,chickpeas-cooked:69;avocado-fresh:78;tomato-fresh:105;yogurt-plain:85,seed/weightloss-recipes.jpg;seed/weightloss-products.jpg;seed/weightloss-workouts.jpg,
1,fat-loss,Wellness Boost 3 for Fat Loss,A healthy recipe designed to support fat loss.,easy,balanced,dinner,morning,6,18,2,1. Prepare ingredients. 2. Combine and serve.,flax-seeds:77;olive-oil:47;almond-milk:182;whey-protein-isolate:47;hemp-seeds:90,seed/weightloss-recipes.jpg;seed/weightloss-products.jpg;seed/weightloss-workouts.jpg,
1,fat-loss,Wellness Boost 4 for Fat Loss,A healthy recipe designed to support fat loss.,medium,balanced,lunch,morning,7,13,3,1. Prepare ingredients. 2. Combine and serve.,rolled-oats:110;flax-seeds:91;spinach-raw:97;almonds-raw:131;blueberries-raw:63,seed/weightloss-recipes.jpg;seed/weightloss-products.jpg;seed/weightloss-workouts.jpg,
1,fat-loss,Wellness Boost 5 for Fat Loss,A healthy recipe designed to support fat loss.,medium,paleo,dinner,morning,5,14,3,1. Prepare ingredients. 2. Combine and serve.,chia-seeds:63;hemp-seeds:119;raspberries-raw:47;blueberries-raw:92;almonds-raw:124,seed/weightloss-recipes.jpg;seed/weightloss-products.jpg;seed/weightloss-workouts.jpg,
1,fat-loss,Wellness Boost 6 for Fat Loss,A healthy recipe designed to support fat loss.,medium,high-protein,snack,evening,5,21,3,1. Prepare ingredients. 2. Combine and serve.,chia-seeds:57;lemon-juice:171;almonds-raw:69;whey-protein-isolate:99,seed/weightloss-recipes.jpg;seed/weightloss-products.jpg;seed/weightloss-workouts.jpg,
1,lean-body-recomposition,Wellness Boost 1 for Lean Body Recomposition,A healthy recipe designed to support lean body recomposition.,medium,high-protein,dinner,noon,13,16,2,1. Prepare ingredients. 2. Combine and serve.,almond-milk:41;hemp-seeds:30;tomato-fresh:115;almonds-raw:63,seed/weightloss-recipes.jpg;seed/weightloss-products.jpg;seed/weightloss-workouts.jpg,
1,lean-body-recomposition,Wellness Boost 2 for Lean Body Recomposition,A healthy recipe designed to support lean body recomposition.,medium,high-protein,snack,post-workout,5,3,1,1. Prepare ingredients. 2. Combine and serve.,lemon-juice:140;raspberries-raw:62;almond-milk:40;quinoa-cooked:108;whey-protein-isolate:123,seed/weightloss-recipes.jpg;seed/weightloss-products.jpg;seed/weightloss-workouts.jpg,
1,lean-body-recomposition,Wellness Boost 3 for Lean Body Recomposition,A healthy recipe designed to support lean body recomposition.,easy,vegan,lunch,noon,8,11,3,1. Prepare ingredients. 2. Combine and serve.,whey-protein-isolate:75;lemon-juice:135;strawberries-raw:36;olive-oil:75,seed/weightloss-recipes.jpg;seed/weightloss-products.jpg;seed/weightloss-workouts.jpg,
1,lean-body-recomposition,Wellness Boost 4 for Lean Body Recomposition,A healthy recipe designed to support lean body recomposition.,medium,paleo,lunch,evening,10,25,3,1. Prepare ingredients. 2. Combine and serve.,cucumber-fresh:86;almond-milk:81;yogurt-plain:147,seed/weightloss-recipes.jpg;seed/weightloss-products.jpg;seed/weightloss-workouts.jpg,
1,lean-body-recomposition,Wellness Boost 5 for Lean Body Recomposition,A healthy recipe designed to support lean body recomposition.,medium,vegan,lunch,noon,5,21,1,1. Prepare ingredients. 2. Combine and serve.,spinach-raw:119;almonds-raw:194;hemp-seeds:160;rolled-oats:132,seed/weightloss-recipes.jpg;seed/weightloss-products.jpg;seed/weightloss-workouts.jpg,
1,lean-body-recomposition,Wellness Boost 6 for Lean Body Recomposition,A healthy recipe designed to support lean body recomposition.,medium,balanced,breakfast,evening,10,18,2,1. Prepare ingredients. 2. Combine and serve.,chia-seeds:110;tomato-fresh:141;quinoa-cooked:185,seed/weightloss-recipes.jpg;seed/weightloss-products.jpg;seed/weightloss-workouts.jpg,
1,lean-body-recomposition,Wellness Boost 7 for Lean Body Recomposition,A healthy recipe designed to support lean body recomposition.,easy,paleo,lunch,evening,6,22,2,1. Prepare ingredients. 2. Combine and serve.,flax-seeds:123;raspberries-raw:140;blueberries-raw:47,seed/weightloss-recipes.jpg;seed/weightloss-products.jpg;seed/weightloss-workouts.jpg,
1,lean-body-recomposition,Wellness Boost 8 for Lean Body Recomposition,A healthy recipe designed to support lean body recomposition.,medium,vegan,breakfast,evening,14,21,2,1. Prepare ingredients. 2. Combine and serve.,cucumber-fresh:79;avocado-fresh:137;raspberries-raw:200;lemon-juice:127,seed/weightloss-recipes.jpg;seed/weightloss-products.jpg;seed/weightloss-workouts.jpg,
1,lean-body-recomposition,Wellness Boost 9 for Lean Body Recomposition,A healthy recipe designed to support lean body recomposition.,easy,vegan,snack,morning,14,9,1,1. Prepare ingredients. 2. Combine and serve.,rolled-oats:143;spinach-raw:84;chickpeas-cooked:160;raspberries-raw:151,seed/weightloss-recipes.jpg;seed/weightloss-products.jpg;seed/weightloss-workouts.jpg,
1,lean-body-recomposition,Wellness Boost 10 for Lean Body Recomposition,A healthy recipe designed to support lean body recomposition.,easy,balanced,dinner,evening,7,24,1,1. Prepare ingredients. 2. Combine and serve.,avocado-fresh:41;strawberries-raw:92;blueberries-raw:151;lemon-juice:186;chicken-breast:48,seed/weightloss-recipes.jpg;seed/weightloss-products.jpg;seed/weightloss-workouts.jpg,
1,lean-body-recomposition,Wellness Boost 11 for Lean Body Recomposition,A healthy recipe designed to support lean body recomposition.,medium,paleo,lunch,post-workout,20,12,1,1. Prepare ingredients. 2. Combine and serve.,chicken-breast:86;chia-seeds:75;tomato-fresh:162,seed/weightloss-recipes.jpg;seed/weightloss-products.jpg;seed/weightloss-workouts.jpg,
1,lean-body-recomposition,Wellness Boost 12 for Lean Body Recomposition,A healthy recipe designed to support lean body recomposition.,medium,balanced,lunch,morning,19,4,2,1. Prepare ingredients. 2. Combine and serve.,flax-seeds:170;raspberries-raw:144;spinach-raw:70;chickpeas-cooked:151;tomato-fresh:145,seed/weightloss-recipes.jpg;seed/weightloss-products.jpg;seed/weightloss-workouts.jpg,
1,lean-body-recomposition,Wellness Boost 13 for Lean Body Recomposition,A healthy recipe designed to support lean body recomposition.,medium,high-protein,dinner,post-workout,12,8,2,1. Prepare ingredients. 2. Combine and serve.,avocado-fresh:115;strawberries-raw:111;almonds-raw:168,seed/weightloss-recipes.jpg;seed/weightloss-products.jpg;seed/weightloss-workouts.jpg,
1,lean-body-recomposition,Wellness Boost 14 for Lean Body Recomposition,A healthy recipe designed to support lean body recomposition.,easy,high-protein,lunch,noon,17,22,1,1. Prepare ingredients. 2. Combine and serve.,blueberries-raw:168;hemp-seeds:149;tomato-fresh:136;raspberries-raw:45;spinach-raw:82,seed/weightloss-recipes.jpg;seed/weightloss-products.jpg;seed/weightloss-workouts.jpg,
1,lean-body-recomposition,Wellness Boost 15 for Lean Body Recomposition,A healthy recipe designed to support lean body recomposition.,medium,paleo,breakfast,post-workout,20,0,2,1. Prepare ingredients. 2. Combine and serve.,cucumber-fresh:154;tomato-fresh:86;raspberries-raw:99;strawberries-raw:141,seed/weightloss-recipes.jpg;seed/weightloss-products.jpg;seed/weightloss-workouts.jpg,
1,healthy-weight-gain,Wellness Boost 1 for Healthy Weight Gain,A healthy recipe designed to support healthy weight gain.,medium,balanced,snack,evening,17,23,1,1. Prepare ingredients. 2. Combine and serve.,lemon-juice:181;raspberries-raw:174;chicken-breast:199;cucumber-fresh:36,seed/weightloss-recipes.jpg;seed/weightloss-products.jpg;seed/weightloss-workouts.jpg,
1,healthy-weight-gain,Wellness Boost 2 for Healthy Weight Gain,A healthy recipe designed to support healthy weight gain.,easy,paleo,lunch,post-workout,10,1,2,1. Prepare ingredients. 2. Combine and serve.,spinach-raw:116;blueberries-raw:127;chickpeas-cooked:101;whey-protein-isolate:137,seed/weightloss-recipes.jpg;seed/weightloss-products.jpg;seed/weightloss-workouts.jpg,
1,healthy-weight-gain,Wellness Boost 3 for Healthy Weight Gain,A healthy recipe designed to support healthy weight gain.,medium,balanced,snack,morning,6,11,1,1. Prepare ingredients. 2. Combine and serve.,hemp-seeds:35;almond-milk:189;chicken-breast:69;strawberries-raw:91;blueberries-raw:62,seed/weightloss-recipes.jpg;seed/weightloss-products.jpg;seed/weightloss-workouts.jpg,
1,healthy-weight-gain,Wellness Boost 4 for Healthy Weight Gain,A healthy recipe designed to support healthy weight gain.,medium,balanced,lunch,post-workout,13,24,2,1. Prepare ingredients. 2. Combine and serve.,whey-protein-isolate:109;chia-seeds:57;olive-oil:178,seed/weightloss-recipes.jpg;seed/weightloss-products.jpg;seed/weightloss-workouts.jpg,
1,healthy-weight-gain,Wellness Boost 5 for Healthy Weight Gain,A healthy recipe designed to support healthy weight gain.,easy,vegan,snack,post-workout,11,2,3,1. Prepare ingredients. 2. Combine and serve.,strawberries-raw:118;chia-seeds:166;avocado-fresh:139;rolled-oats:199;almond-milk:124,seed/weightloss-recipes.jpg;seed/weightloss-products.jpg;seed/weightloss-workouts.jpg,
1,healthy-weight-gain,Wellness Boost 6 for Healthy Weight Gain,A healthy recipe designed to support healthy weight gain.,easy,vegan,breakfast,post-workout,20,3,2,1. Prepare ingredients. 2. Combine and serve.,chickpeas-cooked:163;lemon-juice:196;tomato-fresh:99;olive-oil:187,seed/weightloss-recipes.jpg;seed/weightloss-products.jpg;seed/weightloss-workouts.jpg,
1,muscle-gain,Wellness Boost 1 for Muscle Gain,A healthy recipe designed to support muscle gain.,medium,paleo,snack,evening,15,7,1,1. Prepare ingredients. 2. Combine and serve.,chickpeas-cooked:116;strawberries-raw:37;whey-protein-isolate:156;cucumber-fresh:113,seed/weightloss-recipes.jpg;seed/weightloss-products.jpg;seed/weightloss-workouts.jpg,
1,muscle-gain,Wellness Boost 2 for Muscle Gain,A healthy recipe designed to support muscle gain.,easy,paleo,lunch,evening,13,10,2,1. Prepare ingredients. 2. Combine and serve.,almonds-raw:51;raspberries-raw:91;chicken-breast:134;flax-seeds:155;blueberries-raw:172,seed/weightloss-recipes.jpg;seed/weightloss-products.jpg;seed/weightloss-workouts.jpg,
1,muscle-gain,Wellness Boost 3 for Muscle Gain,A healthy recipe designed to support muscle gain.,easy,paleo,snack,post-workout,5,2,2,1. Prepare ingredients. 2. Combine and serve.,cucumber-fresh:199;strawberries-raw:178;avocado-fresh:124,seed/weightloss-recipes.jpg;seed/weightloss-products.jpg;seed/weightloss-workouts.jpg,
1,muscle-gain,Wellness Boost 4 for Muscle Gain,A healthy recipe designed to support muscle gain.,medium,vegan,snack,evening,16,22,2,1. Prepare ingredients. 2. Combine and serve.,avocado-fresh:79;almonds-raw:110;strawberries-raw:60;chia-seeds:167,seed/weightloss-recipes.jpg;seed/weightloss-products.jpg;seed/weightloss-workouts.jpg,
1,muscle-gain,Wellness Boost 5 for Muscle Gain,A healthy recipe designed to support muscle gain.,easy,high-protein,lunch,post-workout,13,23,3,1. Prepare ingredients. 2. Combine and serve.,whey-protein-isolate:88;avocado-fresh:122;chia-seeds:75;blueberries-raw:107;rolled-oats:33,seed/weightloss-recipes.jpg;seed/weightloss-products.jpg;seed/weightloss-workouts.jpg,
1,muscle-gain,Wellness Boost 6 for Muscle Gain,A healthy recipe designed to support muscle gain.,easy,vegan,breakfast,morning,14,22,1,1. Prepare ingredients. 2. Combine and serve.,yogurt-plain:152;chia-seeds:142;chicken-breast:117;avocado-fresh:77;whey-protein-isolate:43,seed/weightloss-recipes.jpg;seed/weightloss-products.jpg;seed/weightloss-workouts.jpg,
1,toning-definition,Wellness Boost 1 for Toning Definition,A healthy recipe designed to support toning definition.,medium,paleo,breakfast,morning,17,15,1,1. Prepare ingredients. 2. Combine and serve.,almond-milk:93;lemon-juice:60;rolled-oats:172;avocado-fresh:136;hemp-seeds:185,seed/weightloss-recipes.jpg;seed/weightloss-products.jpg;seed/weightloss-workouts.jpg,
1,toning-definition,Wellness Boost 2 for Toning Definition,A healthy recipe designed to support toning definition.,easy,paleo,snack,post-workout,14,18,2,1. Prepare ingredients. 2. Combine and serve.,rolled-oats:190;almond-milk:84;chia-seeds:97;blueberries-raw:199,seed/weightloss-recipes.jpg;seed/weightloss-products.jpg;seed/weightloss-workouts.jpg,
1,toning-definition,Wellness Boost 3 for Toning Definition,A healthy recipe designed to support toning definition.,easy,high-protein,lunch,noon,7,5,1,1. Prepare ingredients. 2. Combine and serve.,chickpeas-cooked:89;yogurt-plain:103;avocado-fresh:102;almond-milk:146,seed/weightloss-recipes.jpg;seed/weightloss-products.jpg;seed/weightloss-workouts.jpg,
1,toning-definition,Wellness Boost 4 for Toning Definition,A healthy recipe designed to support toning definition.,easy,high-protein,dinner,noon,18,3,3,1. Prepare ingredients. 2. Combine and serve.,lemon-juice:48;almonds-raw:45;whey-protein-isolate:72,seed/weightloss-recipes.jpg;seed/weightloss-products.jpg;seed/weightloss-workouts.jpg,
1,toning-definition,Wellness Boost 5 for Toning Definition,A healthy recipe designed to support toning definition.,medium,vegan,snack,morning,19,22,2,1. Prepare ingredients. 2. Combine and serve.,cucumber-fresh:50;almonds-raw:183;flax-seeds:40;yogurt-plain:140;chickpeas-cooked:112,seed/weightloss-recipes.jpg;seed/weightloss-products.jpg;seed/weightloss-workouts.jpg,
1,toning-definition,Wellness Boost 6 for Toning Definition,A healthy recipe designed to support toning definition.,medium,balanced,breakfast,noon,5,24,3,1. Prepare ingredients. 2. Combine and serve.,rolled-oats:162;almond-milk:196;olive-oil:143;yogurt-plain:101,seed/weightloss-recipes.jpg;seed/weightloss-products.jpg;seed/weightloss-workouts.jpg,
1,strength-power,Wellness Boost 1 for Strength Power,A healthy recipe designed to support strength power.,easy,paleo,snack,morning,20,11,2,1. Prepare ingredients. 2. Combine and serve.,spinach-raw:135;chia-seeds:156;olive-oil:103;whey-protein-isolate:199,seed/weightloss-recipes.jpg;seed/weightloss-products.jpg;seed/weightloss-workouts.jpg,
1,strength-power,Wellness Boost 2 for Strength Power,A healthy recipe designed to support strength power.,medium,balanced,snack,morning,15,8,2,1. Prepare ingredients. 2. Combine and serve.,cucumber-fresh:198;flax-seeds:168;chicken-breast:148,seed/weightloss-recipes.jpg;seed/weightloss-products.jpg;seed/weightloss-workouts.jpg,
1,strength-power,Wellness Boost 3 for Strength Power,A healthy recipe designed to support strength power.,medium,balanced,lunch,evening,20,20,2,1. Prepare ingredients. 2. Combine and serve.,blueberries-raw:63;almonds-raw:103;raspberries-raw:142,seed/weightloss-recipes.jpg;seed/weightloss-products.jpg;seed/weightloss-workouts.jpg,
1,strength-power,Wellness Boost 4 for Strength Power,A healthy recipe designed to support strength power.,medium,balanced,breakfast,noon,10,9,3,1. Prepare ingredients. 2. Combine and serve.,raspberries-raw:87;tomato-fresh:59;hemp-seeds:148,seed/weightloss-recipes.jpg;seed/weightloss-products.jpg;seed/weightloss-workouts.jpg,
1,strength-power,Wellness Boost 5 for Strength Power,A healthy recipe designed to support strength power.,easy,high-protein,snack,evening,13,13,2,1. Prepare ingredients. 2. Combine and serve.,strawberries-raw:128;chickpeas-cooked:78;raspberries-raw:183;lemon-juice:160,seed/weightloss-recipes.jpg;seed/weightloss-products.jpg;seed/weightloss-workouts.jpg,
1,strength-power,Wellness Boost 6 for Strength Power,A healthy recipe designed to support strength power.,easy,balanced,dinner,post-workout,15,25,3,1. Prepare ingredients. 2. Combine and serve.,chicken-breast:68;avocado-fresh:144;rolled-oats:167;yogurt-plain:153,seed/weightloss-recipes.jpg;seed/weightloss-products.jpg;seed/weightloss-workouts.jpg,
1,athletic-performance,Wellness Boost 1 for Athletic Performance,A healthy recipe designed to support athletic performance.,medium,vegan,snack,post-workout,15,6,3,1. Prepare ingredients. 2. Combine and serve.,rolled-oats:135;cucumber-fresh:41;strawberries-raw:111,seed/weightloss-recipes.jpg;seed/weightloss-products.jpg;seed/weightloss-workouts.jpg,
1,athletic-performance,Wellness Boost 2 for Athletic Performance,A healthy recipe designed to support athletic performance.,medium,paleo,snack,noon,20,1,1,1. Prepare ingredients. 2. Combine and serve.,rolled-oats:164;spinach-raw:146;chia-seeds:33;chickpeas-cooked:66;raspberries-raw:134,seed/weightloss-recipes.jpg;seed/weightloss-products.jpg;seed/weightloss-workouts.jpg,
1,athletic-performance,Wellness Boost 3 for Athletic Performance,A healthy recipe designed to support athletic performance.,easy,balanced,snack,evening,15,19,3,1. Prepare ingredients. 2. Combine and serve.,hemp-seeds:111;spinach-raw:190;raspberries-raw:154;cucumber-fresh:168,seed/weightloss-recipes.jpg;seed/weightloss-products.jpg;seed/weightloss-workouts.jpg,
1,athletic-performance,Wellness Boost 4 for Athletic Performance,A healthy recipe designed to support athletic performance.,easy,balanced,lunch,evening,12,23,1,1. Prepare ingredients. 2. Combine and serve.,chia-seeds:106;whey-protein-isolate:37;chickpeas-cooked:41;olive-oil:113,seed/weightloss-recipes.jpg;seed/weightloss-products.jpg;seed/weightloss-workouts.jpg,
1,athletic-performance,Wellness Boost 5 for Athletic Performance,A healthy recipe designed to support athletic performance.,easy,vegan,dinner,evening,18,4,1,1. Prepare ingredients. 2. Combine and serve.,tomato-fresh:50;rolled-oats:186;olive-oil:127;raspberries-raw:188;flax-seeds:91,seed/weightloss-recipes.jpg;seed/weightloss-products.jpg;seed/weightloss-workouts.jpg,
1,athletic-performance,Wellness Boost 6 for Athletic Performance,A healthy recipe designed to support athletic performance.,medium,high-protein,lunch,post-workout,13,14,2,1. Prepare ingredients. 2. Combine and serve.,chicken-breast:143;chickpeas-cooked:118;avocado-fresh:180;olive-oil:106;hemp-seeds:193,seed/weightloss-recipes.jpg;seed/weightloss-products.jpg;seed/weightloss-workouts.jpg,
1,endurance-stamina,Wellness Boost 1 for Endurance Stamina,A healthy recipe designed to support endurance stamina.,medium,vegan,snack,evening,11,12,2,1. Prepare ingredients. 2. Combine and serve.,strawberries-raw:177;cucumber-fresh:105;quinoa-cooked:105,seed/weightloss-recipes.jpg;seed/weightloss-products.jpg;seed/weightloss-workouts.jpg,
1,endurance-stamina,Wellness Boost 2 for Endurance Stamina,A healthy recipe designed to support endurance stamina.,easy,paleo,dinner,morning,6,19,3,1. Prepare ingredients. 2. Combine and serve.,avocado-fresh:192;strawberries-raw:78;quinoa-cooked:188;rolled-oats:94,seed/weightloss-recipes.jpg;seed/weightloss-products.jpg;seed/weightloss-workouts.jpg,
1,endurance-stamina,Wellness Boost 3 for Endurance Stamina,A healthy recipe designed to support endurance stamina.,easy,balanced,breakfast,evening,19,1,3,1. Prepare ingredients. 2. Combine and serve.,lemon-juice:136;hemp-seeds:74;avocado-fresh:81;spinach-raw:63,seed/weightloss-recipes.jpg;seed/weightloss-products.jpg;seed/weightloss-workouts.jpg,
1,endurance-stamina,Wellness Boost 4 for Endurance Stamina,A healthy recipe designed to support endurance stamina.,medium,vegan,lunch,evening,20,25,2,1. Prepare ingredients. 2. Combine and serve.,spinach-raw:87;chia-seeds:131;chickpeas-cooked:172;hemp-seeds:123;lemon-juice:53,seed/weightloss-recipes.jpg;seed/weightloss-products.jpg;seed/weightloss-workouts.jpg,
1,endurance-stamina,Wellness Boost 5 for Endurance Stamina,A healthy recipe designed to support endurance stamina.,medium,balanced,dinner,morning,19,11,3,1. Prepare ingredients. 2. Combine and serve.,almonds-raw:89;rolled-oats:150;cucumber-fresh:36;quinoa-cooked:188;chia-seeds:173,seed/weightloss-recipes.jpg;seed/weightloss-products.jpg;seed/weightloss-workouts.jpg,
1,endurance-stamina,Wellness Boost 6 for Endurance Stamina,A healthy recipe designed to support endurance stamina.,medium,high-protein,breakfast,post-workout,14,20,2,1. Prepare ingredients. 2. Combine and serve.,lemon-juice:107;almond-milk:156;rolled-oats:59,seed/weightloss-recipes.jpg;seed/weightloss-products.jpg;seed/weightloss-workouts.jpg,
1,speed-agility,Wellness Boost 1 for Speed Agility,A healthy recipe designed to support speed agility.,easy,high-protein,lunch,post-workout,19,11,3,1. Prepare ingredients. 2. Combine and serve.,raspberries-raw:155;tomato-fresh:187;lemon-juice:134;rolled-oats:101;chia-seeds:38,seed/weightloss-recipes.jpg;seed/weightloss-products.jpg;seed/weightloss-workouts.jpg,
1,speed-agility,Wellness Boost 2 for Speed Agility,A healthy recipe designed to support speed agility.,medium,high-protein,snack,post-workout,12,11,1,1. Prepare ingredients. 2. Combine and serve.,quinoa-cooked:100;raspberries-raw:78;whey-protein-isolate:61;almond-milk:146;cucumber-fresh:53,seed/weightloss-recipes.jpg;seed/weightloss-products.jpg;seed/weightloss-workouts.jpg,
1,speed-agility,Wellness Boost 3 for Speed Agility,A healthy recipe designed to support speed agility.,easy,balanced,breakfast,evening,12,4,3,1. Prepare ingredients. 2. Combine and serve.,hemp-seeds:180;raspberries-raw:85;blueberries-raw:89,seed/weightloss-recipes.jpg;seed/weightloss-products.jpg;seed/weightloss-workouts.jpg,
1,speed-agility,Wellness Boost 4 for Speed Agility,A healthy recipe designed to support speed agility.,medium,high-protein,breakfast,evening,9,4,3,1. Prepare ingredients. 2. Combine and serve.,olive-oil:33;chia-seeds:121;chicken-breast:90;lemon-juice:180,seed/weightloss-recipes.jpg;seed/weightloss-products.jpg;seed/weightloss-workouts.jpg,
1,speed-agility,Wellness Boost 5 for Speed Agility,A healthy recipe designed to support speed agility.,medium,balanced,lunch,evening,6,4,3,1. Prepare ingredients. 2. Combine and serve.,flax-seeds:144;chia-seeds:122;hemp-seeds:161;yogurt-plain:181,seed/weightloss-recipes.jpg;seed/weightloss-products.jpg;seed/weightloss-workouts.jpg,
1,speed-agility,Wellness Boost 6 for Speed Agility,A healthy recipe designed to support speed agility.,easy,paleo,lunch,morning,14,14,3,1. Prepare ingredients. 2. Combine and serve.,almond-milk:139;yogurt-plain:57;cucumber-fresh:155,seed/weightloss-recipes.jpg;seed/weightloss-products.jpg;seed/weightloss-workouts.jpg,
1,balance-coordination,Wellness Boost 1 for Balance Coordination,A healthy recipe designed to support balance coordination.,medium,balanced,breakfast,evening,9,2,1,1. Prepare ingredients. 2. Combine and serve.,whey-protein-isolate:127;rolled-oats:182;raspberries-raw:165;spinach-raw:105,seed/weightloss-recipes.jpg;seed/weightloss-products.jpg;seed/weightloss-workouts.jpg,
1,balance-coordination,Wellness Boost 2 for Balance Coordination,A healthy recipe designed to support balance coordination.,medium,paleo,breakfast,morning,11,13,2,1. Prepare ingredients. 2. Combine and serve.,tomato-fresh:132;spinach-raw:136;chickpeas-cooked:54,seed/weightloss-recipes.jpg;seed/weightloss-products.jpg;seed/weightloss-workouts.jpg,
1,balance-coordination,Wellness Boost 3 for Balance Coordination,A healthy recipe designed to support balance coordination.,medium,paleo,dinner,evening,16,4,3,1. Prepare ingredients. 2. Combine and serve.,hemp-seeds:140;whey-protein-isolate:54;rolled-oats:125;raspberries-raw:63,seed/weightloss-recipes.jpg;seed/weightloss-products.jpg;seed/weightloss-workouts.jpg,
1,balance-coordination,Wellness Boost 4 for Balance Coordination,A healthy recipe designed to support balance coordination.,easy,vegan,breakfast,post-workout,16,21,2,1. Prepare ingredients. 2. Combine and serve.,almond-milk:177;avocado-fresh:159;rolled-oats:84;quinoa-cooked:69;chia-seeds:198,seed/weightloss-recipes.jpg;seed/weightloss-products.jpg;seed/weightloss-workouts.jpg,
1,balance-coordination,Wellness Boost 5 for Balance Coordination,A healthy recipe designed to support balance coordination.,medium,high-protein,breakfast,evening,16,3,2,1. Prepare ingredients. 2. Combine and serve.,strawberries-raw:37;tomato-fresh:76;raspberries-raw:99;chicken-breast:109;almonds-raw:116,seed/weightloss-recipes.jpg;seed/weightloss-products.jpg;seed/weightloss-workouts.jpg,
1,balance-coordination,Wellness Boost 6 for Balance Coordination,A healthy recipe designed to support balance coordination.,medium,balanced,lunch,noon,17,2,1,1. Prepare ingredients. 2. Combine and serve.,chicken-breast:137;hemp-seeds:146;flax-seeds:117;blueberries-raw:70;cucumber-fresh:124,seed/weightloss-recipes.jpg;seed/weightloss-products.jpg;seed/weightloss-workouts.jpg,
1,core-strength,Wellness Boost 1 for Core Strength,A healthy recipe designed to support core strength.,medium,vegan,breakfast,morning,9,5,3,1. Prepare ingredients. 2. Combine and serve.,hemp-seeds:199;almonds-raw:138;chickpeas-cooked:154,seed/weightloss-recipes.jpg;seed/weightloss-products.jpg;seed/weightloss-workouts.jpg,
1,core-strength,Wellness Boost 2 for Core Strength,A healthy recipe designed to support core strength.,medium,paleo,dinner,noon,8,11,2,1. Prepare ingredients. 2. Combine and serve.,avocado-fresh:164;rolled-oats:200;yogurt-plain:108,seed/weightloss-recipes.jpg;seed/weightloss-products.jpg;seed/weightloss-workouts.jpg,
1,core-strength,Wellness Boost 3 for Core Strength,A healthy recipe designed to support core strength.,easy,high-protein,snack,morning,5,6,2,1. Prepare ingredients. 2. Combine and serve.,lemon-juice:113;almonds-raw:60;avocado-fresh:31,seed/weightloss-recipes.jpg;seed/weightloss-products.jpg;seed/weightloss-workouts.jpg,
1,core-strength,Wellness Boost 4 for Core Strength,A healthy recipe designed to support core strength.,medium,paleo,lunch,noon,17,17,3,1. Prepare ingredients. 2. Combine and serve.,flax-seeds:48;raspberries-raw:131;quinoa-cooked:40,seed/weightloss-recipes.jpg;seed/weightloss-products.jpg;seed/weightloss-workouts.jpg,
1,core-strength,Wellness Boost 5 for Core Strength,A healthy recipe designed to support core strength.,medium,balanced,snack,morning,15,18,2,1. Prepare ingredients. 2. Combine and serve.,cucumber-fresh:35;tomato-fresh:113;avocado-fresh:73;chia-seeds:188;whey-protein-isolate:147,seed/weightloss-recipes.jpg;seed/weightloss-products.jpg;seed/weightloss-workouts.jpg,
1,core-strength,Wellness Boost 6 for Core Strength,A healthy recipe designed to support core strength.,medium,balanced,snack,morning,12,13,3,1. Prepare ingredients. 2. Combine and serve.,flax-seeds:116;hemp-seeds:86;cucumber-fresh:115;avocado-fresh:73,seed/weightloss-recipes.jpg;seed/weightloss-products.jpg;seed/weightloss-workouts.jpg,
1,functional-fitness,Wellness Boost 1 for Functional Fitness,A healthy recipe designed to support functional fitness.,easy,balanced,lunch,evening,16,23,3,1. Prepare ingredients. 2. Combine and serve.,strawberries-raw:95;chia-seeds:80;lemon-juice:74,seed/weightloss-recipes.jpg;seed/weightloss-products.jpg;seed/weightloss-workouts.jpg,
1,functional-fitness,Wellness Boost 2 for Functional Fitness,A healthy recipe designed to support functional fitness.,easy,balanced,lunch,post-workout,19,24,3,1. Prepare ingredients. 2. Combine and serve.,chickpeas-cooked:142;rolled-oats:47;spinach-raw:150;raspberries-raw:143;lemon-juice:191,seed/weightloss-recipes.jpg;seed/weightloss-products.jpg;seed/weightloss-workouts.jpg,
1,functional-fitness,Wellness Boost 3 for Functional Fitness,A healthy recipe designed to support functional fitness.,medium,vegan,breakfast,evening,7,9,2,1. Prepare ingredients. 2. Combine and serve.,almond-milk:49;whey-protein-isolate:195;quinoa-cooked:53;avocado-fresh:187,seed/weightloss-recipes.jpg;seed/weightloss-products.jpg;seed/weightloss-workouts.jpg,
1,functional-fitness,Wellness Boost 4 for Functional Fitness,A healthy recipe designed to support functional fitness.,medium,paleo,breakfast,post-workout,11,10,3,1. Prepare ingredients. 2. Combine and serve.,flax-seeds:56;lemon-juice:117;almond-milk:51;chickpeas-cooked:159,seed/weightloss-recipes.jpg;seed/weightloss-products.jpg;seed/weightloss-workouts.jpg,
1,functional-fitness,Wellness Boost 5 for Functional Fitness,A healthy recipe designed to support functional fitness.,easy,balanced,lunch,post-workout,19,16,3,1. Prepare ingredients. 2. Combine and serve.,olive-oil:134;quinoa-cooked:116;rolled-oats:183;avocado-fresh:43;cucumber-fresh:191,seed/weightloss-recipes.jpg;seed/weightloss-products.jpg;seed/weightloss-workouts.jpg,
1,functional-fitness,Wellness Boost 6 for Functional Fitness,A healthy recipe designed to support functional fitness.,medium,balanced,dinner,morning,17,9,2,1. Prepare ingredients. 2. Combine and serve.,whey-protein-isolate:119;lemon-juice:109;spinach-raw:197;hemp-seeds:199;rolled-oats:130,seed/weightloss-recipes.jpg;seed/weightloss-products.jpg;seed/weightloss-workouts.jpg,
1,mobility-flexibility,Wellness Boost 1 for Mobility Flexibility,A healthy recipe designed to support mobility flexibility.,easy,balanced,dinner,post-workout,15,4,3,1. Prepare ingredients. 2. Combine and serve.,flax-seeds:34;hemp-seeds:122;tomato-fresh:109;whey-protein-isolate:76;quinoa-cooked:84,seed/weightloss-recipes.jpg;seed/weightloss-products.jpg;seed/weightloss-workouts.jpg,
1,mobility-flexibility,Wellness Boost 2 for Mobility Flexibility,A healthy recipe designed to support mobility flexibility.,medium,paleo,lunch,noon,9,4,1,1. Prepare ingredients. 2. Combine and serve.,chia-seeds:39;flax-seeds:199;raspberries-raw:116;rolled-oats:188,seed/weightloss-recipes.jpg;seed/weightloss-products.jpg;seed/weightloss-workouts.jpg,
1,mobility-flexibility,Wellness Boost 3 for Mobility Flexibility,A healthy recipe designed to support mobility flexibility.,easy,paleo,lunch,noon,10,22,3,1. Prepare ingredients. 2. Combine and serve.,chickpeas-cooked:123;almond-milk:90;tomato-fresh:143,seed/weightloss-recipes.jpg;seed/weightloss-products.jpg;seed/weightloss-workouts.jpg,
1,mobility-flexibility,Wellness Boost 4 for Mobility Flexibility,A healthy recipe designed to support mobility flexibility.,medium,paleo,lunch,noon,14,25,2,1. Prepare ingredients. 2. Combine and serve.,quinoa-cooked:148;rolled-oats:102;chickpeas-cooked:127,seed/weightloss-recipes.jpg;seed/weightloss-products.jpg;seed/weightloss-workouts.jpg,
1,mobility-flexibility,Wellness Boost 5 for Mobility Flexibility,A healthy recipe designed to support mobility flexibility.,medium,high-protein,lunch,noon,13,1,3,1. Prepare ingredients. 2. Combine and serve.,quinoa-cooked:61;raspberries-raw:102;chia-seeds:51;flax-seeds:71,seed/weightloss-recipes.jpg;seed/weightloss-products.jpg;seed/weightloss-workouts.jpg,
1,mobility-flexibility,Wellness Boost 6 for Mobility Flexibility,A healthy recipe designed to support mobility flexibility.,medium,paleo,lunch,post-workout,7,7,2,1. Prepare ingredients. 2. Combine and serve.,chicken-breast:158;tomato-fresh:125;almond-milk:90;cucumber-fresh:128,seed/weightloss-recipes.jpg;seed/weightloss-products.jpg;seed/weightloss-workouts.jpg,
1,posture-alignment,Wellness Boost 1 for Posture Alignment,A healthy recipe designed to support posture alignment.,easy,vegan,lunch,morning,15,3,3,1. Prepare ingredients. 2. Combine and serve.,spinach-raw:150;lemon-juice:65;rolled-oats:150;almond-milk:144;avocado-fresh:187,seed/weightloss-recipes.jpg;seed/weightloss-products.jpg;seed/weightloss-workouts.jpg,
1,posture-alignment,Wellness Boost 2 for Posture Alignment,A healthy recipe designed to support posture alignment.,easy,balanced,breakfast,evening,11,4,3,1. Prepare ingredients. 2. Combine and serve.,whey-protein-isolate:90;flax-seeds:107;tomato-fresh:61;chia-seeds:42;avocado-fresh:91,seed/weightloss-recipes.jpg;seed/weightloss-products.jpg;seed/weightloss-workouts.jpg,
1,posture-alignment,Wellness Boost 3 for Posture Alignment,A healthy recipe designed to support posture alignment.,medium,paleo,breakfast,morning,20,19,3,1. Prepare ingredients. 2. Combine and serve.,flax-seeds:66;rolled-oats:104;strawberries-raw:139,seed/weightloss-recipes.jpg;seed/weightloss-products.jpg;seed/weightloss-workouts.jpg,
1,posture-alignment,Wellness Boost 4 for Posture Alignment,A healthy recipe designed to support posture alignment.,easy,vegan,lunch,post-workout,10,21,3,1. Prepare ingredients. 2. Combine and serve.,flax-seeds:164;quinoa-cooked:169;hemp-seeds:159,seed/weightloss-recipes.jpg;seed/weightloss-products.jpg;seed/weightloss-workouts.jpg,
1,posture-alignment,Wellness Boost 5 for Posture Alignment,A healthy recipe designed to support posture alignment.,easy,paleo,snack,morning,17,11,2,1. Prepare ingredients. 2. Combine and serve.,chicken-breast:198;quinoa-cooked:190;hemp-seeds:56;rolled-oats:178;strawberries-raw:115,seed/weightloss-recipes.jpg;seed/weightloss-products.jpg;seed/weightloss-workouts.jpg,
1,posture-alignment,Wellness Boost 6 for Posture Alignment,A healthy recipe designed to support posture alignment.,easy,balanced,dinner,evening,10,24,3,1. Prepare ingredients. 2. Combine and serve.,yogurt-plain:147;olive-oil:39;lemon-juice:105;hemp-seeds:81,seed/weightloss-recipes.jpg;seed/weightloss-products.jpg;seed/weightloss-workouts.jpg,
1,recovery-injury-prevention,Wellness Boost 1 for Recovery Injury Prevention,A healthy recipe designed to support recovery injury prevention.,easy,high-protein,breakfast,evening,14,16,2,1. Prepare ingredients. 2. Combine and serve.,yogurt-plain:121;almonds-raw:42;almond-milk:197;blueberries-raw:114;avocado-fresh:99,seed/weightloss-recipes.jpg;seed/weightloss-products.jpg;seed/weightloss-workouts.jpg,
1,recovery-injury-prevention,Wellness Boost 2 for Recovery Injury Prevention,A healthy recipe designed to support recovery injury prevention.,easy,vegan,snack,post-workout,19,12,2,1. Prepare ingredients. 2. Combine and serve.,yogurt-plain:162;whey-protein-isolate:98;quinoa-cooked:51,seed/weightloss-recipes.jpg;seed/weightloss-products.jpg;seed/weightloss-workouts.jpg,
1,recovery-injury-prevention,Wellness Boost 3 for Recovery Injury Prevention,A healthy recipe designed to support recovery injury prevention.,medium,balanced,snack,noon,14,10,1,1. Prepare ingredients. 2. Combine and serve.,spinach-raw:144;avocado-fresh:184;rolled-oats:139,seed/weightloss-recipes.jpg;seed/weightloss-products.jpg;seed/weightloss-workouts.jpg,
1,recovery-injury-prevention,Wellness Boost 4 for Recovery Injury Prevention,A healthy recipe designed to support recovery injury prevention.,easy,paleo,dinner,post-workout,6,23,2,1. Prepare ingredients. 2. Combine and serve.,tomato-fresh:123;almonds-raw:161;almond-milk:70;hemp-seeds:37;cucumber-fresh:66,seed/weightloss-recipes.jpg;seed/weightloss-products.jpg;seed/weightloss-workouts.jpg,
1,recovery-injury-prevention,Wellness Boost 5 for Recovery Injury Prevention,A healthy recipe designed to support recovery injury prevention.,medium,balanced,lunch,morning,12,24,3,1. Prepare ingredients. 2. Combine and serve.,quinoa-cooked:145;cucumber-fresh:124;almond-milk:125;lemon-juice:143,seed/weightloss-recipes.jpg;seed/weightloss-products.jpg;seed/weightloss-workouts.jpg,
1,recovery-injury-prevention,Wellness Boost 6 for Recovery Injury Prevention,A healthy recipe designed to support recovery injury prevention.,easy,high-protein,dinner,post-workout,15,20,2,1. Prepare ingredients. 2. Combine and serve.,chia-seeds:157;chicken-breast:162;olive-oil:129,seed/weightloss-recipes.jpg;seed/weightloss-products.jpg;seed/weightloss-workouts.jpg,
1,joint-health,Wellness Boost 1 for Joint Health,A healthy recipe designed to support joint health.,easy,vegan,dinner,post-workout,11,19,2,1. Prepare ingredients. 2. Combine and serve.,yogurt-plain:145;blueberries-raw:74;chia-seeds:143;lemon-juice:52;hemp-seeds:111,seed/weightloss-recipes.jpg;seed/weightloss-products.jpg;seed/weightloss-workouts.jpg,
1,joint-health,Wellness Boost 2 for Joint Health,A healthy recipe designed to support joint health.,medium,balanced,dinner,evening,10,22,3,1. Prepare ingredients. 2. Combine and serve.,olive-oil:81;quinoa-cooked:65;flax-seeds:90;strawberries-raw:156;chia-seeds:36,seed/weightloss-recipes.jpg;seed/weightloss-products.jpg;seed/weightloss-workouts.jpg,
1,joint-health,Wellness Boost 3 for Joint Health,A healthy recipe designed to support joint health.,medium,vegan,snack,noon,7,2,2,1. Prepare ingredients. 2. Combine and serve.,yogurt-plain:177;flax-seeds:48;tomato-fresh:62;raspberries-raw:111,seed/weightloss-recipes.jpg;seed/weightloss-products.jpg;seed/weightloss-workouts.jpg,
1,joint-health,Wellness Boost 4 for Joint Health,A healthy recipe designed to support joint health.,easy,paleo,snack,evening,9,24,3,1. Prepare ingredients. 2. Combine and serve.,rolled-oats:61;olive-oil:162;lemon-juice:69;tomato-fresh:107;almond-milk:72,seed/weightloss-recipes.jpg;seed/weightloss-products.jpg;seed/weightloss-workouts.jpg,
1,joint-health,Wellness Boost 5 for Joint Health,A healthy recipe designed to support joint health.,easy,vegan,lunch,evening,14,2,2,1. Prepare ingredients. 2. Combine and serve.,raspberries-raw:190;almonds-raw:107;lemon-juice:187,seed/weightloss-recipes.jpg;seed/weightloss-products.jpg;seed/weightloss-workouts.jpg,
1,joint-health,Wellness Boost 6 for Joint Health,A healthy recipe designed to support joint health.,easy,high-protein,lunch,noon,15,18,1,1. Prepare ingredients. 2. Combine and serve.,hemp-seeds:196;almond-milk:83;almonds-raw:176,seed/weightloss-recipes.jpg;seed/weightloss-products.jpg;seed/weightloss-workouts.jpg,
1,back-pain-relief,Wellness Boost 1 for Back Pain Relief,A healthy recipe designed to support back pain relief.,medium,balanced,snack,evening,14,15,1,1. Prepare ingredients. 2. Combine and serve.,cucumber-fresh:70;avocado-fresh:142;chickpeas-cooked:136;hemp-seeds:153;almond-milk:148,seed/weightloss-recipes.jpg;seed/weightloss-products.jpg;seed/weightloss-workouts.jpg,
1,back-pain-relief,Wellness Boost 2 for Back Pain Relief,A healthy recipe designed to support back pain relief.,easy,vegan,lunch,evening,15,23,2,1. Prepare ingredients. 2. Combine and serve.,lemon-juice:111;quinoa-cooked:91;flax-seeds:149;chia-seeds:61,seed/weightloss-recipes.jpg;seed/weightloss-products.jpg;seed/weightloss-workouts.jpg,
1,back-pain-relief,Wellness Boost 3 for Back Pain Relief,A healthy recipe designed to support back pain relief.,medium,paleo,lunch,noon,8,1,2,1. Prepare ingredients. 2. Combine and serve.,whey-protein-isolate:113;tomato-fresh:177;strawberries-raw:110;olive-oil:78,seed/weightloss-recipes.jpg;seed/weightloss-products.jpg;seed/weightloss-workouts.jpg,
1,back-pain-relief,Wellness Boost 4 for Back Pain Relief,A healthy recipe designed to support back pain relief.,easy,paleo,snack,post-workout,14,15,1,1. Prepare ingredients. 2. Combine and serve.,cucumber-fresh:91;flax-seeds:85;chickpeas-cooked:179,seed/weightloss-recipes.jpg;seed/weightloss-products.jpg;seed/weightloss-workouts.jpg,
1,back-pain-relief,Wellness Boost 5 for Back Pain Relief,A healthy recipe designed to support back pain relief.,medium,balanced,breakfast,evening,20,19,3,1. Prepare ingredients. 2. Combine and serve.,yogurt-plain:140;avocado-fresh:64;raspberries-raw:97;chicken-breast:123;chia-seeds:133,seed/weightloss-recipes.jpg;seed/weightloss-products.jpg;seed/weightloss-workouts.jpg,
1,back-pain-relief,Wellness Boost 6 for Back Pain Relief,A healthy recipe designed to support back pain relief.,medium,balanced,snack,morning,11,11,3,1. Prepare ingredients. 2. Combine and serve.,hemp-seeds:170;cucumber-fresh:101;flax-seeds:189;chickpeas-cooked:186,seed/weightloss-recipes.jpg;seed/weightloss-products.jpg;seed/weightloss-workouts.jpg,
1,energy-boost,Wellness Boost 1 for Energy Boost,A healthy recipe designed to support energy boost.,easy,high-protein,breakfast,post-workout,16,25,2,1. Prepare ingredients. 2. Combine and serve.,quinoa-cooked:158;lemon-juice:40;blueberries-raw:41;flax-seeds:39;cucumber-fresh:65,seed/weightloss-recipes.jpg;seed/weightloss-products.jpg;seed/weightloss-workouts.jpg,
1,energy-boost,Wellness Boost 2 for Energy Boost,A healthy recipe designed to support energy boost.,medium,paleo,snack,noon,9,10,3,1. Prepare ingredients. 2. Combine and serve.,olive-oil:159;cucumber-fresh:160;avocado-fresh:166;spinach-raw:155,seed/weightloss-recipes.jpg;seed/weightloss-products.jpg;seed/weightloss-workouts.jpg,
1,energy-boost,Wellness Boost 3 for Energy Boost,A healthy recipe designed to support energy boost.,medium,paleo,breakfast,evening,15,21,1,1. Prepare ingredients. 2. Combine and serve.,rolled-oats:97;avocado-fresh:197;chicken-breast:178;yogurt-plain:177,seed/weightloss-recipes.jpg;seed/weightloss-products.jpg;seed/weightloss-workouts.jpg,
1,energy-boost,Wellness Boost 4 for Energy Boost,A healthy recipe designed to support energy boost.,easy,balanced,snack,noon,17,4,3,1. Prepare ingredients. 2. Combine and serve.,almond-milk:78;rolled-oats:34;chia-seeds:142,seed/weightloss-recipes.jpg;seed/weightloss-products.jpg;seed/weightloss-workouts.jpg,
1,energy-boost,Wellness Boost 5 for Energy Boost,A healthy recipe designed to support energy boost.,medium,paleo,lunch,post-workout,11,13,3,1. Prepare ingredients. 2. Combine and serve.,yogurt-plain:173;almond-milk:113;lemon-juice:199;flax-seeds:152;blueberries-raw:164,seed/weightloss-recipes.jpg;seed/weightloss-products.jpg;seed/weightloss-workouts.jpg,
1,energy-boost,Wellness Boost 6 for Energy Boost,A healthy recipe designed to support energy boost.,medium,vegan,lunch,post-workout,15,17,2,1. Prepare ingredients. 2. Combine and serve.,almonds-raw:172;yogurt-plain:106;blueberries-raw:87;strawberries-raw:106;whey-protein-isolate:103,seed/weightloss-recipes.jpg;seed/weightloss-products.jpg;seed/weightloss-workouts.jpg,
1,energy-boost,Wellness Boost 7 for Energy Boost,A healthy recipe designed to support energy boost.,easy,paleo,dinner,post-workout,16,17,3,1. Prepare ingredients. 2. Combine and serve.,avocado-fresh:131;chia-seeds:118;raspberries-raw:67;cucumber-fresh:104,seed/weightloss-recipes.jpg;seed/weightloss-products.jpg;seed/weightloss-workouts.jpg,
1,energy-boost,Wellness Boost 8 for Energy Boost,A healthy recipe designed to support energy boost.,easy,vegan,breakfast,evening,19,20,2,1. Prepare ingredients. 2. Combine and serve.,yogurt-plain:65;blueberries-raw:57;rolled-oats:187;almonds-raw:180;flax-seeds:91,seed/weightloss-recipes.jpg;seed/weightloss-products.jpg;seed/weightloss-workouts.jpg,
1,energy-boost,Wellness Boost 9 for Energy Boost,A healthy recipe designed to support energy boost.,easy,balanced,lunch,noon,6,3,2,1. Prepare ingredients. 2. Combine and serve.,yogurt-plain:170;chia-seeds:70;lemon-juice:134;chicken-breast:197,seed/weightloss-recipes.jpg;seed/weightloss-products.jpg;seed/weightloss-workouts.jpg,
1,energy-boost,Wellness Boost 10 for Energy Boost,A healthy recipe designed to support energy boost.,medium,paleo,lunch,evening,15,9,3,1. Prepare ingredients. 2. Combine and serve.,hemp-seeds:166;rolled-oats:39;strawberries-raw:74,seed/weightloss-recipes.jpg;seed/weightloss-products.jpg;seed/weightloss-workouts.jpg,
1,energy-boost,Wellness Boost 11 for Energy Boost,A healthy recipe designed to support energy boost.,medium,high-protein,breakfast,post-workout,20,5,3,1. Prepare ingredients. 2. Combine and serve.,almond-milk:115;chicken-breast:102;avocado-fresh:146;chia-seeds:194,seed/weightloss-recipes.jpg;seed/weightloss-products.jpg;seed/weightloss-workouts.jpg,
1,energy-boost,Wellness Boost 12 for Energy Boost,A healthy recipe designed to support energy boost.,medium,high-protein,snack,evening,11,25,1,1. Prepare ingredients. 2. Combine and serve.,olive-oil:33;chickpeas-cooked:116;almonds-raw:105;whey-protein-isolate:175,seed/weightloss-recipes.jpg;seed/weightloss-products.jpg;seed/weightloss-workouts.jpg,
1,energy-boost,Wellness Boost 13 for Energy Boost,A healthy recipe designed to support energy boost.,easy,high-protein,snack,post-workout,15,2,2,1. Prepare ingredients. 2. Combine and serve.,chia-seeds:93;olive-oil:31;lemon-juice:96;yogurt-plain:128;spinach-raw:90,seed/weightloss-recipes.jpg;seed/weightloss-products.jpg;seed/weightloss-workouts.jpg,
1,energy-boost,Wellness Boost 14 for Energy Boost,A healthy recipe designed to support energy boost.,medium,vegan,dinner,evening,5,8,3,1. Prepare ingredients. 2. Combine and serve.,strawberries-raw:108;almond-milk:70;chia-seeds:133;chickpeas-cooked:158,seed/weightloss-recipes.jpg;seed/weightloss-products.jpg;seed/weightloss-workouts.jpg,
1,energy-boost,Wellness Boost 15 for Energy Boost,A healthy recipe designed to support energy boost.,medium,balanced,dinner,evening,12,7,1,1. Prepare ingredients. 2. Combine and serve.,lemon-juice:170;chickpeas-cooked:150;quinoa-cooked:167;tomato-fresh:200,seed/weightloss-recipes.jpg;seed/weightloss-products.jpg;seed/weightloss-workouts.jpg,
1,stress-relief,Wellness Boost 1 for Stress Relief,A healthy recipe designed to support stress relief.,easy,high-protein,breakfast,post-workout,16,2,3,1. Prepare ingredients. 2. Combine and serve.,almond-milk:81;raspberries-raw:176;flax-seeds:167,seed/weightloss-recipes.jpg;seed/weightloss-products.jpg;seed/weightloss-workouts.jpg,
1,stress-relief,Wellness Boost 2 for Stress Relief,A healthy recipe designed to support stress relief.,easy,high-protein,dinner,post-workout,8,21,1,1. Prepare ingredients. 2. Combine and serve.,rolled-oats:44;yogurt-plain:146;hemp-seeds:63;flax-seeds:161;chickpeas-cooked:136,seed/weightloss-recipes.jpg;seed/weightloss-products.jpg;seed/weightloss-workouts.jpg,
1,stress-relief,Wellness Boost 3 for Stress Relief,A healthy recipe designed to support stress relief.,medium,balanced,snack,evening,5,12,2,1. Prepare ingredients. 2. Combine and serve.,blueberries-raw:41;rolled-oats:138;hemp-seeds:118,seed/weightloss-recipes.jpg;seed/weightloss-products.jpg;seed/weightloss-workouts.jpg,
1,stress-relief,Wellness Boost 4 for Stress Relief,A healthy recipe designed to support stress relief.,easy,balanced,breakfast,post-workout,6,9,2,1. Prepare ingredients. 2. Combine and serve.,lemon-juice:127;tomato-fresh:144;quinoa-cooked:126,seed/weightloss-recipes.jpg;seed/weightloss-products.jpg;seed/weightloss-workouts.jpg,
1,stress-relief,Wellness Boost 5 for Stress Relief,A healthy recipe designed to support stress relief.,medium,balanced,lunch,evening,8,5,3,1. Prepare ingredients. 2. Combine and serve.,flax-seeds:35;lemon-juice:106;strawberries-raw:148;chicken-breast:169,seed/weightloss-recipes.jpg;seed/weightloss-products.jpg;seed/weightloss-workouts.jpg,
1,stress-relief,Wellness Boost 6 for Stress Relief,A healthy recipe designed to support stress relief.,medium,paleo,lunch,noon,19,11,1,1. Prepare ingredients. 2. Combine and serve.,blueberries-raw:187;chia-seeds:34;almond-milk:91;tomato-fresh:82,seed/weightloss-recipes.jpg;seed/weightloss-products.jpg;seed/weightloss-workouts.jpg,
1,stress-relief,Wellness Boost 7 for Stress Relief,A healthy recipe designed to support stress relief.,easy,balanced,breakfast,post-workout,6,7,3,1. Prepare ingredients. 2. Combine and serve.,cucumber-fresh:168;chickpeas-cooked:85;strawberries-raw:44,seed/weightloss-recipes.jpg;seed/weightloss-products.jpg;seed/weightloss-workouts.jpg,
1,stress-relief,Wellness Boost 8 for Stress Relief,A healthy recipe designed to support stress relief.,easy,vegan,lunch,evening,15,7,2,1. Prepare ingredients. 2. Combine and serve.,flax-seeds:106;strawberries-raw:100;tomato-fresh:45,seed/weightloss-recipes.jpg;seed/weightloss-products.jpg;seed/weightloss-workouts.jpg,
1,stress-relief,Wellness Boost 9 for Stress Relief,A healthy recipe designed to support stress relief.,easy,paleo,snack,morning,16,20,3,1. Prepare ingredients. 2. Combine and serve.,flax-seeds:68;spinach-raw:106;tomato-fresh:126;raspberries-raw:77,seed/weightloss-recipes.jpg;seed/weightloss-products.jpg;seed/weightloss-workouts.jpg,
1,stress-relief,Wellness Boost 10 for Stress Relief,A healthy recipe designed to support stress relief.,medium,high-protein,lunch,evening,9,25,2,1. Prepare ingredients. 2. Combine and serve.,raspberries-raw:172;tomato-fresh:165;rolled-oats:64,seed/weightloss-recipes.jpg;seed/weightloss-products.jpg;seed/weightloss-workouts.jpg,
1,stress-relief,Wellness Boost 11 for Stress Relief,A healthy recipe designed to support stress relief.,medium,high-protein,dinner,noon,15,20,1,1. Prepare ingredients. 2. Combine and serve.,quinoa-cooked:43;hemp-seeds:98;raspberries-raw:126;blueberries-raw:184,seed/weightloss-recipes.jpg;seed/weightloss-products.jpg;seed/weightloss-workouts.jpg,
1,stress-relief,Wellness Boost 12 for Stress Relief,A healthy recipe designed to support stress relief.,easy,balanced,lunch,noon,20,6,2,1. Prepare ingredients. 2. Combine and serve.,chicken-breast:152;blueberries-raw:92;rolled-oats:184;chia-seeds:82,seed/weightloss-recipes.jpg;seed/weightloss-products.jpg;seed/weightloss-workouts.jpg,
1,stress-relief,Wellness Boost 13 for Stress Relief,A healthy recipe designed to support stress relief.,medium,high-protein,dinner,evening,17,14,3,1. Prepare ingredients. 2. Combine and serve.,quinoa-cooked:149;avocado-fresh:55;almonds-raw:150;whey-protein-isolate:111;yogurt-plain:82,seed/weightloss-recipes.jpg;seed/weightloss-products.jpg;seed/weightloss-workouts.jpg,
1,stress-relief,Wellness Boost 14 for Stress Relief,A healthy recipe designed to support stress relief.,medium,vegan,snack,morning,12,23,1,1. Prepare ingredients. 2. Combine and serve.,almonds-raw:105;raspberries-raw:69;tomato-fresh:80,seed/weightloss-recipes.jpg;seed/weightloss-products.jpg;seed/weightloss-workouts.jpg,
1,stress-relief,Wellness Boost 15 for Stress Relief,A healthy recipe designed to support stress relief.,medium,high-protein,snack,noon,20,17,3,1. Prepare ingredients. 2. Combine and serve.,spinach-raw:73;almonds-raw:120;yogurt-plain:73;raspberries-raw:65;chickpeas-cooked:169,seed/weightloss-recipes.jpg;seed/weightloss-products.jpg;seed/weightloss-workouts.jpg,
1,better-sleep,Wellness Boost 1 for Better Sleep,A healthy recipe designed to support better sleep.,medium,high-protein,breakfast,morning,7,21,1,1. Prepare ingredients. 2. Combine and serve.,tomato-fresh:47;lemon-juice:68;strawberries-raw:32,seed/weightloss-recipes.jpg;seed/weightloss-products.jpg;seed/weightloss-workouts.jpg,
1,better-sleep,Wellness Boost 2 for Better Sleep,A healthy recipe designed to support better sleep.,easy,paleo,dinner,morning,20,21,2,1. Prepare ingredients. 2. Combine and serve.,chicken-breast:135;raspberries-raw:33;rolled-oats:34,seed/weightloss-recipes.jpg;seed/weightloss-products.jpg;seed/weightloss-workouts.jpg,
1,better-sleep,Wellness Boost 3 for Better Sleep,A healthy recipe designed to support better sleep.,medium,vegan,breakfast,post-workout,10,3,1,1. Prepare ingredients. 2. Combine and serve.,lemon-juice:120;strawberries-raw:98;blueberries-raw:131;flax-seeds:50;almonds-raw:125,seed/weightloss-recipes.jpg;seed/weightloss-products.jpg;seed/weightloss-workouts.jpg,
1,better-sleep,Wellness Boost 4 for Better Sleep,A healthy recipe designed to support better sleep.,medium,paleo,lunch,noon,14,21,1,1. Prepare ingredients. 2. Combine and serve.,almond-milk:171;hemp-seeds:151;cucumber-fresh:44;raspberries-raw:193;flax-seeds:32,seed/weightloss-recipes.jpg;seed/weightloss-products.jpg;seed/weightloss-workouts.jpg,
1,better-sleep,Wellness Boost 5 for Better Sleep,A healthy recipe designed to support better sleep.,easy,balanced,snack,post-workout,15,18,1,1. Prepare ingredients. 2. Combine and serve.,almond-milk:41;strawberries-raw:49;blueberries-raw:101;yogurt-plain:169;almonds-raw:174,seed/weightloss-recipes.jpg;seed/weightloss-products.jpg;seed/weightloss-workouts.jpg,
1,better-sleep,Wellness Boost 6 for Better Sleep,A healthy recipe designed to support better sleep.,easy,high-protein,dinner,morning,11,18,1,1. Prepare ingredients. 2. Combine and serve.,cucumber-fresh:175;hemp-seeds:129;avocado-fresh:168;olive-oil:114;strawberries-raw:128,seed/weightloss-recipes.jpg;seed/weightloss-products.jpg;seed/weightloss-workouts.jpg,
1,better-sleep,Wellness Boost 7 for Better Sleep,A healthy recipe designed to support better sleep.,easy,balanced,dinner,morning,8,13,1,1. Prepare ingredients. 2. Combine and serve.,spinach-raw:37;cucumber-fresh:192;whey-protein-isolate:99,seed/weightloss-recipes.jpg;seed/weightloss-products.jpg;seed/weightloss-workouts.jpg,
1,better-sleep,Wellness Boost 8 for Better Sleep,A healthy recipe designed to support better sleep.,medium,paleo,lunch,evening,17,13,1,1. Prepare ingredients. 2. Combine and serve.,rolled-oats:48;cucumber-fresh:51;hemp-seeds:98;avocado-fresh:69;strawberries-raw:127,seed/weightloss-recipes.jpg;seed/weightloss-products.jpg;seed/weightloss-workouts.jpg,
1,better-sleep,Wellness Boost 9 for Better Sleep,A healthy recipe designed to support better sleep.,easy,paleo,dinner,evening,8,2,1,1. Prepare ingredients. 2. Combine and serve.,chickpeas-cooked:63;quinoa-cooked:52;almonds-raw:77;chia-seeds:140,seed/weightloss-recipes.jpg;seed/weightloss-products.jpg;seed/weightloss-workouts.jpg,
1,better-sleep,Wellness Boost 10 for Better Sleep,A healthy recipe designed to support better sleep.,medium,paleo,breakfast,morning,7,11,3,1. Prepare ingredients. 2. Combine and serve.,whey-protein-isolate:33;spinach-raw:104;cucumber-fresh:135,seed/weightloss-recipes.jpg;seed/weightloss-products.jpg;seed/weightloss-workouts.jpg,
1,better-sleep,Wellness Boost 11 for Better Sleep,A healthy recipe designed to support better sleep.,medium,balanced,lunch,noon,17,5,1,1. Prepare ingredients. 2. Combine and serve.,avocado-fresh:46;almonds-raw:72;yogurt-plain:141;lemon-juice:100,seed/weightloss-recipes.jpg;seed/weightloss-products.jpg;seed/weightloss-workouts.jpg,
1,better-sleep,Wellness Boost 12 for Better Sleep,A healthy recipe designed to support better sleep.,medium,vegan,snack,morning,16,8,1,1. Prepare ingredients. 2. Combine and serve.,yogurt-plain:107;blueberries-raw:31;chickpeas-cooked:131;chia-seeds:115;lemon-juice:188,seed/weightloss-recipes.jpg;seed/weightloss-products.jpg;seed/weightloss-workouts.jpg,
1,better-sleep,Wellness Boost 13 for Better Sleep,A healthy recipe designed to support better sleep.,medium,vegan,snack,evening,18,20,3,1. Prepare ingredients. 2. Combine and serve.,avocado-fresh:152;spinach-raw:110;blueberries-raw:75,seed/weightloss-recipes.jpg;seed/weightloss-products.jpg;seed/weightloss-workouts.jpg,
1,better-sleep,Wellness Boost 14 for Better Sleep,A healthy recipe designed to support better sleep.,medium,vegan,dinner,post-workout,12,10,2,1. Prepare ingredients. 2. Combine and serve.,cucumber-fresh:181;quinoa-cooked:169;chia-seeds:76;blueberries-raw:170,seed/weightloss-recipes.jpg;seed/weightloss-products.jpg;seed/weightloss-workouts.jpg,
1,better-sleep,Wellness Boost 15 for Better Sleep,A healthy recipe designed to support better sleep.,easy,paleo,lunch,post-workout,14,22,1,1. Prepare ingredients. 2. Combine and serve.,yogurt-plain:94;lemon-juice:198;avocado-fresh:69;strawberries-raw:138,seed/weightloss-recipes.jpg;seed/weightloss-products.jpg;seed/weightloss-workouts.jpg,
1,focus-mental-clarity,Wellness Boost 1 for Focus Mental Clarity,A healthy recipe designed to support focus mental clarity.,medium,balanced,snack,post-workout,17,17,3,1. Prepare ingredients. 2. Combine and serve.,tomato-fresh:57;raspberries-raw:93;almond-milk:198;quinoa-cooked:200;hemp-seeds:120,seed/weightloss-recipes.jpg;seed/weightloss-products.jpg;seed/weightloss-workouts.jpg,
1,focus-mental-clarity,Wellness Boost 2 for Focus Mental Clarity,A healthy recipe designed to support focus mental clarity.,easy,balanced,snack,evening,18,3,1,1. Prepare ingredients. 2. Combine and serve.,almonds-raw:162;strawberries-raw:172;flax-seeds:178,seed/weightloss-recipes.jpg;seed/weightloss-products.jpg;seed/weightloss-workouts.jpg,
1,focus-mental-clarity,Wellness Boost 3 for Focus Mental Clarity,A healthy recipe designed to support focus mental clarity.,easy,paleo,dinner,post-workout,19,24,3,1. Prepare ingredients. 2. Combine and serve.,flax-seeds:56;lemon-juice:105;quinoa-cooked:136;chicken-breast:51;yogurt-plain:59,seed/weightloss-recipes.jpg;seed/weightloss-products.jpg;seed/weightloss-workouts.jpg,
1,focus-mental-clarity,Wellness Boost 4 for Focus Mental Clarity,A healthy recipe designed to support focus mental clarity.,easy,vegan,dinner,evening,19,25,1,1. Prepare ingredients. 2. Combine and serve.,yogurt-plain:145;quinoa-cooked:111;whey-protein-isolate:47;chia-seeds:106;chickpeas-cooked:41,seed/weightloss-recipes.jpg;seed/weightloss-products.jpg;seed/weightloss-workouts.jpg,
1,focus-mental-clarity,Wellness Boost 5 for Focus Mental Clarity,A healthy recipe designed to support focus mental clarity.,easy,balanced,dinner,morning,10,23,1,1. Prepare ingredients. 2. Combine and serve.,olive-oil:148;raspberries-raw:89;whey-protein-isolate:133;spinach-raw:191;tomato-fresh:77,seed/weightloss-recipes.jpg;seed/weightloss-products.jpg;seed/weightloss-workouts.jpg,
1,focus-mental-clarity,Wellness Boost 6 for Focus Mental Clarity,A healthy recipe designed to support focus mental clarity.,easy,paleo,snack,morning,11,14,3,1. Prepare ingredients. 2. Combine and serve.,cucumber-fresh:101;chicken-breast:46;blueberries-raw:177;raspberries-raw:56,seed/weightloss-recipes.jpg;seed/weightloss-products.jpg;seed/weightloss-workouts.jpg,
1,heart-health,Wellness Boost 1 for Heart Health,A healthy recipe designed to support heart health.,easy,vegan,dinner,noon,19,3,2,1. Prepare ingredients. 2. Combine and serve.,yogurt-plain:180;flax-seeds:59;spinach-raw:119;cucumber-fresh:120;rolled-oats:147,seed/weightloss-recipes.jpg;seed/weightloss-products.jpg;seed/weightloss-workouts.jpg,
1,heart-health,Wellness Boost 2 for Heart Health,A healthy recipe designed to support heart health.,easy,vegan,breakfast,noon,15,3,1,1. Prepare ingredients. 2. Combine and serve.,chia-seeds:160;olive-oil:129;quinoa-cooked:137;lemon-juice:182,seed/weightloss-recipes.jpg;seed/weightloss-products.jpg;seed/weightloss-workouts.jpg,
1,heart-health,Wellness Boost 3 for Heart Health,A healthy recipe designed to support heart health.,easy,paleo,snack,noon,20,20,3,1. Prepare ingredients. 2. Combine and serve.,olive-oil:65;raspberries-raw:77;whey-protein-isolate:110;yogurt-plain:145;avocado-fresh:188,seed/weightloss-recipes.jpg;seed/weightloss-products.jpg;seed/weightloss-workouts.jpg,
1,heart-health,Wellness Boost 4 for Heart Health,A healthy recipe designed to support heart health.,easy,vegan,breakfast,post-workout,9,6,2,1. Prepare ingredients. 2. Combine and serve.,flax-seeds:143;yogurt-plain:155;tomato-fresh:72;rolled-oats:51;raspberries-raw:174,seed/weightloss-recipes.jpg;seed/weightloss-products.jpg;seed/weightloss-workouts.jpg,
1,heart-health,Wellness Boost 5 for Heart Health,A healthy recipe designed to support heart health.,easy,high-protein,dinner,morning,13,7,3,1. Prepare ingredients. 2. Combine and serve.,olive-oil:58;chickpeas-cooked:176;yogurt-plain:59;flax-seeds:98,seed/weightloss-recipes.jpg;seed/weightloss-products.jpg;seed/weightloss-workouts.jpg,
1,heart-health,Wellness Boost 6 for Heart Health,A healthy recipe designed to support heart health.,medium,balanced,snack,noon,18,3,3,1. Prepare ingredients. 2. Combine and serve.,strawberries-raw:119;avocado-fresh:52;almond-milk:142;chickpeas-cooked:60;almonds-raw:90,seed/weightloss-recipes.jpg;seed/weightloss-products.jpg;seed/weightloss-workouts.jpg,
1,blood-pressure-support,Wellness Boost 1 for Blood Pressure Support,A healthy recipe designed to support blood pressure support.,easy,vegan,snack,noon,9,25,1,1. Prepare ingredients. 2. Combine and serve.,almond-milk:166;rolled-oats:101;quinoa-cooked:182,seed/weightloss-recipes.jpg;seed/weightloss-products.jpg;seed/weightloss-workouts.jpg,
1,blood-pressure-support,Wellness Boost 2 for Blood Pressure Support,A healthy recipe designed to support blood pressure support.,easy,vegan,dinner,evening,13,16,3,1. Prepare ingredients. 2. Combine and serve.,lemon-juice:100;tomato-fresh:197;almond-milk:62,seed/weightloss-recipes.jpg;seed/weightloss-products.jpg;seed/weightloss-workouts.jpg,
1,blood-pressure-support,Wellness Boost 3 for Blood Pressure Support,A healthy recipe designed to support blood pressure support.,easy,high-protein,lunch,evening,12,24,3,1. Prepare ingredients. 2. Combine and serve.,yogurt-plain:126;lemon-juice:145;almonds-raw:49;tomato-fresh:192,seed/weightloss-recipes.jpg;seed/weightloss-products.jpg;seed/weightloss-workouts.jpg,
1,blood-pressure-support,Wellness Boost 4 for Blood Pressure Support,A healthy recipe designed to support blood pressure support.,easy,paleo,dinner,evening,19,15,2,1. Prepare ingredients. 2. Combine and serve.,chicken-breast:166;hemp-seeds:131;chickpeas-cooked:85;quinoa-cooked:139;rolled-oats:84,seed/weightloss-recipes.jpg;seed/weightloss-products.jpg;seed/weightloss-workouts.jpg,
1,blood-pressure-support,Wellness Boost 5 for Blood Pressure Support,A healthy recipe designed to support blood pressure support.,medium,vegan,dinner,evening,15,17,3,1. Prepare ingredients. 2. Combine and serve.,rolled-oats:42;yogurt-plain:41;spinach-raw:55,seed/weightloss-recipes.jpg;seed/weightloss-products.jpg;seed/weightloss-workouts.jpg,
1,blood-pressure-support,Wellness Boost 6 for Blood Pressure Support,A healthy recipe designed to support blood pressure support.,medium,balanced,breakfast,noon,19,14,1,1. Prepare ingredients. 2. Combine and serve.,blueberries-raw:100;lemon-juice:53;avocado-fresh:197;olive-oil:122,seed/weightloss-recipes.jpg;seed/weightloss-products.jpg;seed/weightloss-workouts.jpg,
1,circulation-support,Wellness Boost 1 for Circulation Support,A healthy recipe designed to support circulation support.,medium,balanced,dinner,noon,6,12,3,1. Prepare ingredients. 2. Combine and serve.,strawberries-raw:30;tomato-fresh:84;hemp-seeds:152;chia-seeds:49,seed/weightloss-recipes.jpg;seed/weightloss-products.jpg;seed/weightloss-workouts.jpg,
1,circulation-support,Wellness Boost 2 for Circulation Support,A healthy recipe designed to support circulation support.,easy,high-protein,snack,morning,5,22,2,1. Prepare ingredients. 2. Combine and serve.,tomato-fresh:48;lemon-juice:88;yogurt-plain:128,seed/weightloss-recipes.jpg;seed/weightloss-products.jpg;seed/weightloss-workouts.jpg,
1,circulation-support,Wellness Boost 3 for Circulation Support,A healthy recipe designed to support circulation support.,easy,balanced,breakfast,evening,16,9,1,1. Prepare ingredients. 2. Combine and serve.,lemon-juice:174;whey-protein-isolate:32;hemp-seeds:186;flax-seeds:196,seed/weightloss-recipes.jpg;seed/weightloss-products.jpg;seed/weightloss-workouts.jpg,
1,circulation-support,Wellness Boost 4 for Circulation Support,A healthy recipe designed to support circulation support.,easy,paleo,dinner,noon,9,13,3,1. Prepare ingredients. 2. Combine and serve.,chickpeas-cooked:61;blueberries-raw:180;hemp-seeds:128;chia-seeds:119;lemon-juice:139,seed/weightloss-recipes.jpg;seed/weightloss-products.jpg;seed/weightloss-workouts.jpg,
1,circulation-support,Wellness Boost 5 for Circulation Support,A healthy recipe designed to support circulation support.,medium,high-protein,lunch,evening,7,7,3,1. Prepare ingredients. 2. Combine and serve.,whey-protein-isolate:162;avocado-fresh:185;chicken-breast:160;rolled-oats:78;blueberries-raw:130,seed/weightloss-recipes.jpg;seed/weightloss-products.jpg;seed/weightloss-workouts.jpg,
1,circulation-support,Wellness Boost 6 for Circulation Support,A healthy recipe designed to support circulation support.,medium,balanced,lunch,post-workout,17,3,1,1. Prepare ingredients. 2. Combine and serve.,whey-protein-isolate:122;hemp-seeds:111;flax-seeds:63;chicken-breast:129,seed/weightloss-recipes.jpg;seed/weightloss-products.jpg;seed/weightloss-workouts.jpg,
1,metabolic-health,Wellness Boost 1 for Metabolic Health,A healthy recipe designed to support metabolic health.,medium,vegan,lunch,post-workout,7,0,3,1. Prepare ingredients. 2. Combine and serve.,chicken-breast:40;almonds-raw:45;blueberries-raw:131,seed/weightloss-recipes.jpg;seed/weightloss-products.jpg;seed/weightloss-workouts.jpg,
1,metabolic-health,Wellness Boost 2 for Metabolic Health,A healthy recipe designed to support metabolic health.,medium,paleo,snack,post-workout,7,20,3,1. Prepare ingredients. 2. Combine and serve.,whey-protein-isolate:50;lemon-juice:160;almonds-raw:82;hemp-seeds:69;avocado-fresh:167,seed/weightloss-recipes.jpg;seed/weightloss-products.jpg;seed/weightloss-workouts.jpg,
1,metabolic-health,Wellness Boost 3 for Metabolic Health,A healthy recipe designed to support metabolic health.,medium,paleo,breakfast,evening,18,23,1,1. Prepare ingredients. 2. Combine and serve.,strawberries-raw:59;hemp-seeds:146;tomato-fresh:186,seed/weightloss-recipes.jpg;seed/weightloss-products.jpg;seed/weightloss-workouts.jpg,
1,metabolic-health,Wellness Boost 4 for Metabolic Health,A healthy recipe designed to support metabolic health.,easy,vegan,lunch,morning,5,22,1,1. Prepare ingredients. 2. Combine and serve.,chicken-breast:72;olive-oil:125;yogurt-plain:62;quinoa-cooked:98;almonds-raw:60,seed/weightloss-recipes.jpg;seed/weightloss-products.jpg;seed/weightloss-workouts.jpg,
1,metabolic-health,Wellness Boost 5 for Metabolic Health,A healthy recipe designed to support metabolic health.,easy,vegan,snack,evening,7,8,3,1. Prepare ingredients. 2. Combine and serve.,hemp-seeds:44;yogurt-plain:157;chickpeas-cooked:175;flax-seeds:72;quinoa-cooked:124,seed/weightloss-recipes.jpg;seed/weightloss-products.jpg;seed/weightloss-workouts.jpg,
1,metabolic-health,Wellness Boost 6 for Metabolic Health,A healthy recipe designed to support metabolic health.,easy,vegan,breakfast,morning,12,23,3,1. Prepare ingredients. 2. Combine and serve.,almond-milk:41;chicken-breast:150;strawberries-raw:123,seed/weightloss-recipes.jpg;seed/weightloss-products.jpg;seed/weightloss-workouts.jpg,
1,blood-sugar-balance,Wellness Boost 1 for Blood Sugar Balance,A healthy recipe designed to support blood sugar balance.,medium,high-protein,lunch,morning,18,7,2,1. Prepare ingredients. 2. Combine and serve.,tomato-fresh:49;spinach-raw:176;almonds-raw:125,seed/weightloss-recipes.jpg;seed/weightloss-products.jpg;seed/weightloss-workouts.jpg,
1,blood-sugar-balance,Wellness Boost 2 for Blood Sugar Balance,A healthy recipe designed to support blood sugar balance.,easy,balanced,lunch,noon,6,12,1,1. Prepare ingredients. 2. Combine and serve.,avocado-fresh:171;whey-protein-isolate:146;spinach-raw:32;hemp-seeds:124,seed/weightloss-recipes.jpg;seed/weightloss-products.jpg;seed/weightloss-workouts.jpg,
1,blood-sugar-balance,Wellness Boost 3 for Blood Sugar Balance,A healthy recipe designed to support blood sugar balance.,easy,vegan,dinner,noon,19,11,3,1. Prepare ingredients. 2. Combine and serve.,blueberries-raw:31;raspberries-raw:134;strawberries-raw:36;lemon-juice:89,seed/weightloss-recipes.jpg;seed/weightloss-products.jpg;seed/weightloss-workouts.jpg,
1,blood-sugar-balance,Wellness Boost 4 for Blood Sugar Balance,A healthy recipe designed to support blood sugar balance.,medium,balanced,dinner,morning,17,23,3,1. Prepare ingredients. 2. Combine and serve.,chia-seeds:137;blueberries-raw:155;flax-seeds:45;strawberries-raw:66,seed/weightloss-recipes.jpg;seed/weightloss-products.jpg;seed/weightloss-workouts.jpg,
1,blood-sugar-balance,Wellness Boost 5 for Blood Sugar Balance,A healthy recipe designed to support blood sugar balance.,medium,balanced,breakfast,noon,18,22,2,1. Prepare ingredients. 2. Combine and serve.,hemp-seeds:64;rolled-oats:193;chia-seeds:130;flax-seeds:49,seed/weightloss-recipes.jpg;seed/weightloss-products.jpg;seed/weightloss-workouts.jpg,
1,blood-sugar-balance,Wellness Boost 6 for Blood Sugar Balance,A healthy recipe designed to support blood sugar balance.,easy,paleo,lunch,noon,14,8,2,1. Prepare ingredients. 2. Combine and serve.,spinach-raw:89;whey-protein-isolate:49;chickpeas-cooked:81;almonds-raw:64,seed/weightloss-recipes.jpg;seed/weightloss-products.jpg;seed/weightloss-workouts.jpg,
1,insulin-sensitivity,Wellness Boost 1 for Insulin Sensitivity,A healthy recipe designed to support insulin sensitivity.,easy,high-protein,breakfast,noon,19,14,2,1. Prepare ingredients. 2. Combine and serve.,chia-seeds:145;raspberries-raw:108;quinoa-cooked:148;blueberries-raw:97,seed/weightloss-recipes.jpg;seed/weightloss-products.jpg;seed/weightloss-workouts.jpg,
1,insulin-sensitivity,Wellness Boost 2 for Insulin Sensitivity,A healthy recipe designed to support insulin sensitivity.,easy,balanced,lunch,evening,6,6,2,1. Prepare ingredients. 2. Combine and serve.,hemp-seeds:131;strawberries-raw:161;quinoa-cooked:42,seed/weightloss-recipes.jpg;seed/weightloss-products.jpg;seed/weightloss-workouts.jpg,
1,insulin-sensitivity,Wellness Boost 3 for Insulin Sensitivity,A healthy recipe designed to support insulin sensitivity.,medium,vegan,lunch,morning,17,14,3,1. Prepare ingredients. 2. Combine and serve.,raspberries-raw:65;strawberries-raw:61;chia-seeds:33;chickpeas-cooked:45;whey-protein-isolate:86,seed/weightloss-recipes.jpg;seed/weightloss-products.jpg;seed/weightloss-workouts.jpg,
1,insulin-sensitivity,Wellness Boost 4 for Insulin Sensitivity,A healthy recipe designed to support insulin sensitivity.,easy,high-protein,snack,evening,7,18,3,1. Prepare ingredients. 2. Combine and serve.,hemp-seeds:195;chicken-breast:143;whey-protein-isolate:62;blueberries-raw:53,seed/weightloss-recipes.jpg;seed/weightloss-products.jpg;seed/weightloss-workouts.jpg,
1,insulin-sensitivity,Wellness Boost 5 for Insulin Sensitivity,A healthy recipe designed to support insulin sensitivity.,medium,balanced,breakfast,post-workout,6,5,3,1. Prepare ingredients. 2. Combine and serve.,cucumber-fresh:139;yogurt-plain:74;chicken-breast:120;whey-protein-isolate:84,seed/weightloss-recipes.jpg;seed/weightloss-products.jpg;seed/weightloss-workouts.jpg,
1,insulin-sensitivity,Wellness Boost 6 for Insulin Sensitivity,A healthy recipe designed to support insulin sensitivity.,easy,vegan,dinner,post-workout,9,1,3,1. Prepare ingredients. 2. Combine and serve.,whey-protein-isolate:170;strawberries-raw:152;avocado-fresh:45;yogurt-plain:52;tomato-fresh:101,seed/weightloss-recipes.jpg;seed/weightloss-products.jpg;seed/weightloss-workouts.jpg,
1,hormone-balance,Wellness Boost 1 for Hormone Balance,A healthy recipe designed to support hormone balance.,medium,high-protein,snack,noon,12,20,3,1. Prepare ingredients. 2. Combine and serve.,cucumber-fresh:169;quinoa-cooked:154;yogurt-plain:118,seed/weightloss-recipes.jpg;seed/weightloss-products.jpg;seed/weightloss-workouts.jpg,
1,hormone-balance,Wellness Boost 2 for Hormone Balance,A healthy recipe designed to support hormone balance.,medium,paleo,dinner,noon,5,10,3,1. Prepare ingredients. 2. Combine and serve.,chicken-breast:150;almonds-raw:165;almond-milk:121,seed/weightloss-recipes.jpg;seed/weightloss-products.jpg;seed/weightloss-workouts.jpg,
1,hormone-balance,Wellness Boost 3 for Hormone Balance,A healthy recipe designed to support hormone balance.,easy,high-protein,breakfast,noon,12,8,3,1. Prepare ingredients. 2. Combine and serve.,almond-milk:75;strawberries-raw:90;cucumber-fresh:181;quinoa-cooked:111;olive-oil:121,seed/weightloss-recipes.jpg;seed/weightloss-products.jpg;seed/weightloss-workouts.jpg,
1,hormone-balance,Wellness Boost 4 for Hormone Balance,A healthy recipe designed to support hormone balance.,easy,vegan,lunch,noon,20,17,2,1. Prepare ingredients. 2. Combine and serve.,yogurt-plain:44;almond-milk:89;hemp-seeds:184,seed/weightloss-recipes.jpg;seed/weightloss-products.jpg;seed/weightloss-workouts.jpg,
1,hormone-balance,Wellness Boost 5 for Hormone Balance,A healthy recipe designed to support hormone balance.,easy,balanced,snack,morning,15,19,1,1. Prepare ingredients. 2. Combine and serve.,spinach-raw:45;olive-oil:35;whey-protein-isolate:67,seed/weightloss-recipes.jpg;seed/weightloss-products.jpg;seed/weightloss-workouts.jpg,
1,hormone-balance,Wellness Boost 6 for Hormone Balance,A healthy recipe designed to support hormone balance.,easy,balanced,dinner,morning,16,22,3,1. Prepare ingredients. 2. Combine and serve.,rolled-oats:112;chia-seeds:64;spinach-raw:70;avocado-fresh:141,seed/weightloss-recipes.jpg;seed/weightloss-products.jpg;seed/weightloss-workouts.jpg,
1,hormone-balance,Wellness Boost 7 for Hormone Balance,A healthy recipe designed to support hormone balance.,medium,vegan,lunch,evening,12,21,3,1. Prepare ingredients. 2. Combine and serve.,cucumber-fresh:62;avocado-fresh:75;rolled-oats:30,seed/weightloss-recipes.jpg;seed/weightloss-products.jpg;seed/weightloss-workouts.jpg,
1,hormone-balance,Wellness Boost 8 for Hormone Balance,A healthy recipe designed to support hormone balance.,medium,balanced,lunch,evening,12,20,3,1. Prepare ingredients. 2. Combine and serve.,yogurt-plain:49;lemon-juice:90;spinach-raw:118,seed/weightloss-recipes.jpg;seed/weightloss-products.jpg;seed/weightloss-workouts.jpg,
1,hormone-balance,Wellness Boost 9 for Hormone Balance,A healthy recipe designed to support hormone balance.,medium,high-protein,breakfast,evening,19,0,2,1. Prepare ingredients. 2. Combine and serve.,strawberries-raw:95;hemp-seeds:57;quinoa-cooked:30,seed/weightloss-recipes.jpg;seed/weightloss-products.jpg;seed/weightloss-workouts.jpg,
1,hormone-balance,Wellness Boost 10 for Hormone Balance,A healthy recipe designed to support hormone balance.,easy,paleo,snack,post-workout,10,13,2,1. Prepare ingredients. 2. Combine and serve.,quinoa-cooked:152;raspberries-raw:177;cucumber-fresh:196;chia-seeds:87,seed/weightloss-recipes.jpg;seed/weightloss-products.jpg;seed/weightloss-workouts.jpg,
1,hormone-balance,Wellness Boost 11 for Hormone Balance,A healthy recipe designed to support hormone balance.,easy,paleo,breakfast,morning,14,0,2,1. Prepare ingredients. 2. Combine and serve.,chia-seeds:126;hemp-seeds:71;spinach-raw:49;olive-oil:170,seed/weightloss-recipes.jpg;seed/weightloss-products.jpg;seed/weightloss-workouts.jpg,
1,hormone-balance,Wellness Boost 12 for Hormone Balance,A healthy recipe designed to support hormone balance.,easy,vegan,snack,morning,18,20,1,1. Prepare ingredients. 2. Combine and serve.,tomato-fresh:82;olive-oil:78;almond-milk:134;chia-seeds:171;spinach-raw:168,seed/weightloss-recipes.jpg;seed/weightloss-products.jpg;seed/weightloss-workouts.jpg,
1,hormone-balance,Wellness Boost 13 for Hormone Balance,A healthy recipe designed to support hormone balance.,medium,vegan,dinner,noon,8,1,2,1. Prepare ingredients. 2. Combine and serve.,raspberries-raw:30;yogurt-plain:139;lemon-juice:52;almond-milk:105;quinoa-cooked:199,seed/weightloss-recipes.jpg;seed/weightloss-products.jpg;seed/weightloss-workouts.jpg,
1,hormone-balance,Wellness Boost 14 for Hormone Balance,A healthy recipe designed to support hormone balance.,medium,high-protein,breakfast,morning,11,5,3,1. Prepare ingredients. 2. Combine and serve.,hemp-seeds:131;yogurt-plain:150;chia-seeds:155;avocado-fresh:199,seed/weightloss-recipes.jpg;seed/weightloss-products.jpg;seed/weightloss-workouts.jpg,
1,hormone-balance,Wellness Boost 15 for Hormone Balance,A healthy recipe designed to support hormone balance.,medium,balanced,snack,noon,16,12,2,1. Prepare ingredients. 2. Combine and serve.,chickpeas-cooked:142;almond-milk:149;almonds-raw:97,seed/weightloss-recipes.jpg;seed/weightloss-products.jpg;seed/weightloss-workouts.jpg,
1,thyroid-support,Wellness Boost 1 for Thyroid Support,A healthy recipe designed to support thyroid support.,easy,vegan,breakfast,noon,8,2,3,1. Prepare ingredients. 2. Combine and serve.,raspberries-raw:129;tomato-fresh:163;strawberries-raw:137;almond-milk:167,seed/weightloss-recipes.jpg;seed/weightloss-products.jpg;seed/weightloss-workouts.jpg,
1,thyroid-support,Wellness Boost 2 for Thyroid Support,A healthy recipe designed to support thyroid support.,medium,high-protein,snack,evening,7,12,3,1. Prepare ingredients. 2. Combine and serve.,flax-seeds:176;rolled-oats:188;whey-protein-isolate:67,seed/weightloss-recipes.jpg;seed/weightloss-products.jpg;seed/weightloss-workouts.jpg,
1,thyroid-support,Wellness Boost 3 for Thyroid Support,A healthy recipe designed to support thyroid support.,easy,paleo,lunch,noon,11,25,1,1. Prepare ingredients. 2. Combine and serve.,almond-milk:141;tomato-fresh:81;hemp-seeds:190,seed/weightloss-recipes.jpg;seed/weightloss-products.jpg;seed/weightloss-workouts.jpg,
1,thyroid-support,Wellness Boost 4 for Thyroid Support,A healthy recipe designed to support thyroid support.,easy,vegan,dinner,morning,7,12,3,1. Prepare ingredients. 2. Combine and serve.,raspberries-raw:147;spinach-raw:33;almonds-raw:189;flax-seeds:180,seed/weightloss-recipes.jpg;seed/weightloss-products.jpg;seed/weightloss-workouts.jpg,
1,thyroid-support,Wellness Boost 5 for Thyroid Support,A healthy recipe designed to support thyroid support.,medium,balanced,snack,noon,9,18,3,1. Prepare ingredients. 2. Combine and serve.,chia-seeds:135;whey-protein-isolate:97;rolled-oats:128;avocado-fresh:197;quinoa-cooked:154,seed/weightloss-recipes.jpg;seed/weightloss-products.jpg;seed/weightloss-workouts.jpg,
1,thyroid-support,Wellness Boost 6 for Thyroid Support,A healthy recipe designed to support thyroid support.,medium,balanced,lunch,evening,17,4,3,1. Prepare ingredients. 2. Combine and serve.,cucumber-fresh:42;almond-milk:151;whey-protein-isolate:98;spinach-raw:125;strawberries-raw:35,seed/weightloss-recipes.jpg;seed/weightloss-products.jpg;seed/weightloss-workouts.jpg,
1,gut-health,Wellness Boost 1 for Gut Health,A healthy recipe designed to support gut health.,medium,vegan,dinner,evening,20,22,3,1. Prepare ingredients. 2. Combine and serve.,strawberries-raw:143;lemon-juice:112;avocado-fresh:98,seed/weightloss-recipes.jpg;seed/weightloss-products.jpg;seed/weightloss-workouts.jpg,
1,gut-health,Wellness Boost 2 for Gut Health,A healthy recipe designed to support gut health.,medium,balanced,lunch,post-workout,11,13,3,1. Prepare ingredients. 2. Combine and serve.,flax-seeds:70;quinoa-cooked:46;almond-milk:109;whey-protein-isolate:159,seed/weightloss-recipes.jpg;seed/weightloss-products.jpg;seed/weightloss-workouts.jpg,
1,gut-health,Wellness Boost 3 for Gut Health,A healthy recipe designed to support gut health.,medium,high-protein,breakfast,noon,11,6,1,1. Prepare ingredients. 2. Combine and serve.,almond-milk:122;chickpeas-cooked:80;whey-protein-isolate:100,seed/weightloss-recipes.jpg;seed/weightloss-products.jpg;seed/weightloss-workouts.jpg,
1,gut-health,Wellness Boost 4 for Gut Health,A healthy recipe designed to support gut health.,medium,paleo,snack,morning,5,7,2,1. Prepare ingredients. 2. Combine and serve.,whey-protein-isolate:180;chickpeas-cooked:171;olive-oil:119;yogurt-plain:118,seed/weightloss-recipes.jpg;seed/weightloss-products.jpg;seed/weightloss-workouts.jpg,
1,gut-health,Wellness Boost 5 for Gut Health,A healthy recipe designed to support gut health.,easy,vegan,breakfast,evening,5,12,1,1. Prepare ingredients. 2. Combine and serve.,rolled-oats:195;blueberries-raw:87;strawberries-raw:82,seed/weightloss-recipes.jpg;seed/weightloss-products.jpg;seed/weightloss-workouts.jpg,
1,gut-health,Wellness Boost 6 for Gut Health,A healthy recipe designed to support gut health.,medium,paleo,breakfast,morning,20,4,3,1. Prepare ingredients. 2. Combine and serve.,whey-protein-isolate:94;chicken-breast:185;strawberries-raw:108,seed/weightloss-recipes.jpg;seed/weightloss-products.jpg;seed/weightloss-workouts.jpg,
1,gut-health,Wellness Boost 7 for Gut Health,A healthy recipe designed to support gut health.,medium,paleo,snack,evening,19,8,1,1. Prepare ingredients. 2. Combine and serve.,avocado-fresh:31;flax-seeds:160;cucumber-fresh:199;chia-seeds:125,seed/weightloss-recipes.jpg;seed/weightloss-products.jpg;seed/weightloss-workouts.jpg,
1,gut-health,Wellness Boost 8 for Gut Health,A healthy recipe designed to support gut health.,medium,vegan,breakfast,post-workout,7,10,2,1. Prepare ingredients. 2. Combine and serve.,spinach-raw:68;almonds-raw:162;rolled-oats:91;avocado-fresh:44;blueberries-raw:183,seed/weightloss-recipes.jpg;seed/weightloss-products.jpg;seed/weightloss-workouts.jpg,
1,gut-health,Wellness Boost 9 for Gut Health,A healthy recipe designed to support gut health.,medium,vegan,lunch,morning,20,9,2,1. Prepare ingredients. 2. Combine and serve.,cucumber-fresh:117;whey-protein-isolate:86;almond-milk:166;blueberries-raw:193,seed/weightloss-recipes.jpg;seed/weightloss-products.jpg;seed/weightloss-workouts.jpg,
1,gut-health,Wellness Boost 10 for Gut Health,A healthy recipe designed to support gut health.,medium,vegan,dinner,noon,10,9,1,1. Prepare ingredients. 2. Combine and serve.,lemon-juice:115;almonds-raw:197;raspberries-raw:52;olive-oil:86,seed/weightloss-recipes.jpg;seed/weightloss-products.jpg;seed/weightloss-workouts.jpg,
1,gut-health,Wellness Boost 11 for Gut Health,A healthy recipe designed to support gut health.,medium,high-protein,dinner,post-workout,15,11,2,1. Prepare ingredients. 2. Combine and serve.,avocado-fresh:192;chickpeas-cooked:179;chia-seeds:178;yogurt-plain:188;almond-milk:48,seed/weightloss-recipes.jpg;seed/weightloss-products.jpg;seed/weightloss-workouts.jpg,
1,gut-health,Wellness Boost 12 for Gut Health,A healthy recipe designed to support gut health.,medium,high-protein,breakfast,post-workout,14,13,1,1. Prepare ingredients. 2. Combine and serve.,lemon-juice:134;blueberries-raw:175;spinach-raw:147,seed/weightloss-recipes.jpg;seed/weightloss-products.jpg;seed/weightloss-workouts.jpg,
1,gut-health,Wellness Boost 13 for Gut Health,A healthy recipe designed to support gut health.,easy,vegan,lunch,morning,20,10,3,1. Prepare ingredients. 2. Combine and serve.,spinach-raw:145;almond-milk:100;chicken-breast:83,seed/weightloss-recipes.jpg;seed/weightloss-products.jpg;seed/weightloss-workouts.jpg,
1,gut-health,Wellness Boost 14 for Gut Health,A healthy recipe designed to support gut health.,easy,high-protein,snack,morning,9,19,2,1. Prepare ingredients. 2. Combine and serve.,tomato-fresh:31;cucumber-fresh:39;whey-protein-isolate:166;yogurt-plain:81;rolled-oats:125,seed/weightloss-recipes.jpg;seed/weightloss-products.jpg;seed/weightloss-workouts.jpg,
1,gut-health,Wellness Boost 15 for Gut Health,A healthy recipe designed to support gut health.,easy,vegan,lunch,morning,5,20,3,1. Prepare ingredients. 2. Combine and serve.,strawberries-raw:63;quinoa-cooked:56;avocado-fresh:128,seed/weightloss-recipes.jpg;seed/weightloss-products.jpg;seed/weightloss-workouts.jpg,
1,digestion-support,Wellness Boost 1 for Digestion Support,A healthy recipe designed to support digestion support.,medium,high-protein,breakfast,morning,14,9,2,1. Prepare ingredients. 2. Combine and serve.,flax-seeds:117;whey-protein-isolate:155;spinach-raw:121;tomato-fresh:78;lemon-juice:72,seed/weightloss-recipes.jpg;seed/weightloss-products.jpg;seed/weightloss-workouts.jpg,
1,digestion-support,Wellness Boost 2 for Digestion Support,A healthy recipe designed to support digestion support.,medium,balanced,lunch,noon,9,6,3,1. Prepare ingredients. 2. Combine and serve.,rolled-oats:61;flax-seeds:123;olive-oil:196,seed/weightloss-recipes.jpg;seed/weightloss-products.jpg;seed/weightloss-workouts.jpg,
1,digestion-support,Wellness Boost 3 for Digestion Support,A healthy recipe designed to support digestion support.,easy,paleo,dinner,morning,6,21,1,1. Prepare ingredients. 2. Combine and serve.,chicken-breast:127;almond-milk:61;chia-seeds:170;tomato-fresh:94;chickpeas-cooked:151,seed/weightloss-recipes.jpg;seed/weightloss-products.jpg;seed/weightloss-workouts.jpg,
1,digestion-support,Wellness Boost 4 for Digestion Support,A healthy recipe designed to support digestion support.,easy,high-protein,breakfast,evening,18,21,1,1. Prepare ingredients. 2. Combine and serve.,flax-seeds:160;almonds-raw:188;lemon-juice:60;tomato-fresh:102;chia-seeds:59,seed/weightloss-recipes.jpg;seed/weightloss-products.jpg;seed/weightloss-workouts.jpg,
1,digestion-support,Wellness Boost 5 for Digestion Support,A healthy recipe designed to support digestion support.,easy,paleo,lunch,noon,13,16,1,1. Prepare ingredients. 2. Combine and serve.,tomato-fresh:170;avocado-fresh:157;olive-oil:83;almond-milk:153,seed/weightloss-recipes.jpg;seed/weightloss-products.jpg;seed/weightloss-workouts.jpg,
1,digestion-support,Wellness Boost 6 for Digestion Support,A healthy recipe designed to support digestion support.,medium,high-protein,breakfast,morning,7,3,3,1. Prepare ingredients. 2. Combine and serve.,yogurt-plain:55;lemon-juice:95;hemp-seeds:194;flax-seeds:89;raspberries-raw:146,seed/weightloss-recipes.jpg;seed/weightloss-products.jpg;seed/weightloss-workouts.jpg,
1,bloating-relief,Wellness Boost 1 for Bloating Relief,A healthy recipe designed to support bloating relief.,medium,vegan,snack,morning,8,5,1,1. Prepare ingredients. 2. Combine and serve.,quinoa-cooked:54;spinach-raw:41;tomato-fresh:32;chia-seeds:65,seed/weightloss-recipes.jpg;seed/weightloss-products.jpg;seed/weightloss-workouts.jpg,
1,bloating-relief,Wellness Boost 2 for Bloating Relief,A healthy recipe designed to support bloating relief.,easy,vegan,dinner,post-workout,13,23,1,1. Prepare ingredients. 2. Combine and serve.,spinach-raw:132;olive-oil:146;chia-seeds:99;cucumber-fresh:128,seed/weightloss-recipes.jpg;seed/weightloss-products.jpg;seed/weightloss-workouts.jpg,
1,bloating-relief,Wellness Boost 3 for Bloating Relief,A healthy recipe designed to support bloating relief.,medium,paleo,lunch,morning,9,22,3,1. Prepare ingredients. 2. Combine and serve.,olive-oil:181;chia-seeds:153;tomato-fresh:175,seed/weightloss-recipes.jpg;seed/weightloss-products.jpg;seed/weightloss-workouts.jpg,
1,bloating-relief,Wellness Boost 4 for Bloating Relief,A healthy recipe designed to support bloating relief.,medium,high-protein,snack,evening,5,21,3,1. Prepare ingredients. 2. Combine and serve.,yogurt-plain:135;whey-protein-isolate:142;chia-seeds:41,seed/weightloss-recipes.jpg;seed/weightloss-products.jpg;seed/weightloss-workouts.jpg,
1,bloating-relief,Wellness Boost 5 for Bloating Relief,A healthy recipe designed to support bloating relief.,easy,vegan,dinner,morning,12,21,2,1. Prepare ingredients. 2. Combine and serve.,flax-seeds:118;chia-seeds:199;tomato-fresh:194;strawberries-raw:128;yogurt-plain:68,seed/weightloss-recipes.jpg;seed/weightloss-products.jpg;seed/weightloss-workouts.jpg,
1,bloating-relief,Wellness Boost 6 for Bloating Relief,A healthy recipe designed to support bloating relief.,easy,balanced,lunch,post-workout,20,5,1,1. Prepare ingredients. 2. Combine and serve.,spinach-raw:42;strawberries-raw:159;whey-protein-isolate:87;almonds-raw:170,seed/weightloss-recipes.jpg;seed/weightloss-products.jpg;seed/weightloss-workouts.jpg,
1,immunity,Wellness Boost 1 for Immunity,A healthy recipe designed to support immunity.,medium,paleo,lunch,morning,19,14,3,1. Prepare ingredients. 2. Combine and serve.,hemp-seeds:60;yogurt-plain:157;chickpeas-cooked:197;spinach-raw:34,seed/weightloss-recipes.jpg;seed/weightloss-products.jpg;seed/weightloss-workouts.jpg,
1,immunity,Wellness Boost 2 for Immunity,A healthy recipe designed to support immunity.,easy,paleo,snack,morning,5,2,3,1. Prepare ingredients. 2. Combine and serve.,avocado-fresh:117;flax-seeds:123;raspberries-raw:43;blueberries-raw:87;chickpeas-cooked:146,seed/weightloss-recipes.jpg;seed/weightloss-products.jpg;seed/weightloss-workouts.jpg,
1,immunity,Wellness Boost 3 for Immunity,A healthy recipe designed to support immunity.,medium,paleo,dinner,post-workout,8,3,3,1. Prepare ingredients. 2. Combine and serve.,chicken-breast:192;spinach-raw:104;quinoa-cooked:170,seed/weightloss-recipes.jpg;seed/weightloss-products.jpg;seed/weightloss-workouts.jpg,
1,immunity,Wellness Boost 4 for Immunity,A healthy recipe designed to support immunity.,medium,balanced,breakfast,noon,20,4,3,1. Prepare ingredients. 2. Combine and serve.,tomato-fresh:60;chia-seeds:130;almonds-raw:85;blueberries-raw:147;flax-seeds:78,seed/weightloss-recipes.jpg;seed/weightloss-products.jpg;seed/weightloss-workouts.jpg,
1,immunity,Wellness Boost 5 for Immunity,A healthy recipe designed to support immunity.,medium,balanced,snack,morning,8,24,2,1. Prepare ingredients. 2. Combine and serve.,rolled-oats:31;flax-seeds:165;lemon-juice:42;yogurt-plain:171,seed/weightloss-recipes.jpg;seed/weightloss-products.jpg;seed/weightloss-workouts.jpg,
1,immunity,Wellness Boost 6 for Immunity,A healthy recipe designed to support immunity.,medium,paleo,lunch,noon,9,3,2,1. Prepare ingredients. 2. Combine and serve.,whey-protein-isolate:185;spinach-raw:93;flax-seeds:100;cucumber-fresh:131;tomato-fresh:117,seed/weightloss-recipes.jpg;seed/weightloss-products.jpg;seed/weightloss-workouts.jpg,
1,immunity,Wellness Boost 7 for Immunity,A healthy recipe designed to support immunity.,medium,paleo,lunch,noon,18,19,3,1. Prepare ingredients. 2. Combine and serve.,flax-seeds:81;avocado-fresh:83;raspberries-raw:189;spinach-raw:104;blueberries-raw:118,seed/weightloss-recipes.jpg;seed/weightloss-products.jpg;seed/weightloss-workouts.jpg,
1,immunity,Wellness Boost 8 for Immunity,A healthy recipe designed to support immunity.,easy,high-protein,dinner,morning,16,17,2,1. Prepare ingredients. 2. Combine and serve.,rolled-oats:33;tomato-fresh:163;raspberries-raw:57;avocado-fresh:36;whey-protein-isolate:127,seed/weightloss-recipes.jpg;seed/weightloss-products.jpg;seed/weightloss-workouts.jpg,
1,immunity,Wellness Boost 9 for Immunity,A healthy recipe designed to support immunity.,easy,balanced,breakfast,noon,13,24,1,1. Prepare ingredients. 2. Combine and serve.,almonds-raw:82;lemon-juice:168;almond-milk:38;avocado-fresh:121,seed/weightloss-recipes.jpg;seed/weightloss-products.jpg;seed/weightloss-workouts.jpg,
1,immunity,Wellness Boost 10 for Immunity,A healthy recipe designed to support immunity.,medium,balanced,lunch,post-workout,12,16,3,1. Prepare ingredients. 2. Combine and serve.,almond-milk:110;cucumber-fresh:171;rolled-oats:43;tomato-fresh:33,seed/weightloss-recipes.jpg;seed/weightloss-products.jpg;seed/weightloss-workouts.jpg,
1,immunity,Wellness Boost 11 for Immunity,A healthy recipe designed to support immunity.,medium,high-protein,snack,noon,16,24,3,1. Prepare ingredients. 2. Combine and serve.,whey-protein-isolate:75;blueberries-raw:49;rolled-oats:77;avocado-fresh:74;chickpeas-cooked:161,seed/weightloss-recipes.jpg;seed/weightloss-products.jpg;seed/weightloss-workouts.jpg,
1,immunity,Wellness Boost 12 for Immunity,A healthy recipe designed to support immunity.,easy,paleo,breakfast,post-workout,13,17,2,1. Prepare ingredients. 2. Combine and serve.,olive-oil:31;rolled-oats:114;almonds-raw:149,seed/weightloss-recipes.jpg;seed/weightloss-products.jpg;seed/weightloss-workouts.jpg,
1,immunity,Wellness Boost 13 for Immunity,A healthy recipe designed to support immunity.,easy,balanced,lunch,evening,6,24,3,1. Prepare ingredients. 2. Combine and serve.,avocado-fresh:111;yogurt-plain:164;raspberries-raw:86;quinoa-cooked:77;hemp-seeds:163,seed/weightloss-recipes.jpg;seed/weightloss-products.jpg;seed/weightloss-workouts.jpg,
1,immunity,Wellness Boost 14 for Immunity,A healthy recipe designed to support immunity.,easy,high-protein,snack,post-workout,7,11,1,1. Prepare ingredients. 2. Combine and serve.,spinach-raw:105;whey-protein-isolate:85;quinoa-cooked:188,seed/weightloss-recipes.jpg;seed/weightloss-products.jpg;seed/weightloss-workouts.jpg,
1,immunity,Wellness Boost 15 for Immunity,A healthy recipe designed to support immunity.,medium,balanced,breakfast,evening,19,7,3,1. Prepare ingredients. 2. Combine and serve.,whey-protein-isolate:59;strawberries-raw:128;almond-milk:95;spinach-raw:168;cucumber-fresh:102,seed/weightloss-recipes.jpg;seed/weightloss-products.jpg;seed/weightloss-workouts.jpg,
1,anti-inflammation,Wellness Boost 1 for Anti Inflammation,A healthy recipe designed to support anti inflammation.,easy,vegan,snack,post-workout,6,9,3,1. Prepare ingredients. 2. Combine and serve.,spinach-raw:54;flax-seeds:72;hemp-seeds:167,seed/weightloss-recipes.jpg;seed/weightloss-products.jpg;seed/weightloss-workouts.jpg,
1,anti-inflammation,Wellness Boost 2 for Anti Inflammation,A healthy recipe designed to support anti inflammation.,easy,balanced,lunch,noon,18,3,1,1. Prepare ingredients. 2. Combine and serve.,tomato-fresh:114;hemp-seeds:39;lemon-juice:52;chicken-breast:48;chickpeas-cooked:43,seed/weightloss-recipes.jpg;seed/weightloss-products.jpg;seed/weightloss-workouts.jpg,
1,anti-inflammation,Wellness Boost 3 for Anti Inflammation,A healthy recipe designed to support anti inflammation.,easy,vegan,breakfast,noon,13,13,2,1. Prepare ingredients. 2. Combine and serve.,cucumber-fresh:129;tomato-fresh:60;spinach-raw:166;chicken-breast:31,seed/weightloss-recipes.jpg;seed/weightloss-products.jpg;seed/weightloss-workouts.jpg,
1,anti-inflammation,Wellness Boost 4 for Anti Inflammation,A healthy recipe designed to support anti inflammation.,easy,balanced,breakfast,evening,8,9,3,1. Prepare ingredients. 2. Combine and serve.,whey-protein-isolate:127;hemp-seeds:131;avocado-fresh:199;chickpeas-cooked:37,seed/weightloss-recipes.jpg;seed/weightloss-products.jpg;seed/weightloss-workouts.jpg,
1,anti-inflammation,Wellness Boost 5 for Anti Inflammation,A healthy recipe designed to support anti inflammation.,medium,high-protein,lunch,noon,17,25,3,1. Prepare ingredients. 2. Combine and serve.,lemon-juice:171;avocado-fresh:172;quinoa-cooked:66;chicken-breast:61,seed/weightloss-recipes.jpg;seed/weightloss-products.jpg;seed/weightloss-workouts.jpg,
1,anti-inflammation,Wellness Boost 6 for Anti Inflammation,A healthy recipe designed to support anti inflammation.,easy,balanced,snack,morning,14,6,3,1. Prepare ingredients. 2. Combine and serve.,quinoa-cooked:71;blueberries-raw:77;tomato-fresh:86;flax-seeds:187;lemon-juice:94,seed/weightloss-recipes.jpg;seed/weightloss-products.jpg;seed/weightloss-workouts.jpg,
1,anti-inflammation,Wellness Boost 7 for Anti Inflammation,A healthy recipe designed to support anti inflammation.,easy,balanced,lunch,morning,19,20,3,1. Prepare ingredients. 2. Combine and serve.,avocado-fresh:55;hemp-seeds:80;almonds-raw:178,seed/weightloss-recipes.jpg;seed/weightloss-products.jpg;seed/weightloss-workouts.jpg,
1,anti-inflammation,Wellness Boost 8 for Anti Inflammation,A healthy recipe designed to support anti inflammation.,medium,vegan,dinner,noon,12,3,2,1. Prepare ingredients. 2. Combine and serve.,hemp-seeds:114;blueberries-raw:187;spinach-raw:198;yogurt-plain:108;chickpeas-cooked:179,seed/weightloss-recipes.jpg;seed/weightloss-products.jpg;seed/weightloss-workouts.jpg,
1,anti-inflammation,Wellness Boost 9 for Anti Inflammation,A healthy recipe designed to support anti inflammation.,easy,vegan,dinner,post-workout,10,0,2,1. Prepare ingredients. 2. Combine and serve.,strawberries-raw:122;tomato-fresh:64;almonds-raw:114,seed/weightloss-recipes.jpg;seed/weightloss-products.jpg;seed/weightloss-workouts.jpg,
1,anti-inflammation,Wellness Boost 10 for Anti Inflammation,A healthy recipe designed to support anti inflammation.,medium,paleo,snack,evening,14,15,3,1. Prepare ingredients. 2. Combine and serve.,olive-oil:65;hemp-seeds:167;almonds-raw:80,seed/weightloss-recipes.jpg;seed/weightloss-products.jpg;seed/weightloss-workouts.jpg,
1,anti-inflammation,Wellness Boost 11 for Anti Inflammation,A healthy recipe designed to support anti inflammation.,medium,balanced,breakfast,morning,5,18,3,1. Prepare ingredients. 2. Combine and serve.,rolled-oats:169;blueberries-raw:168;almond-milk:150;almonds-raw:197,seed/weightloss-recipes.jpg;seed/weightloss-products.jpg;seed/weightloss-workouts.jpg,
1,anti-inflammation,Wellness Boost 12 for Anti Inflammation,A healthy recipe designed to support anti inflammation.,easy,vegan,snack,noon,14,4,2,1. Prepare ingredients. 2. Combine and serve.,flax-seeds:199;hemp-seeds:91;cucumber-fresh:187;quinoa-cooked:72;chicken-breast:161,seed/weightloss-recipes.jpg;seed/weightloss-products.jpg;seed/weightloss-workouts.jpg,
1,anti-inflammation,Wellness Boost 13 for Anti Inflammation,A healthy recipe designed to support anti inflammation.,easy,paleo,lunch,noon,9,23,3,1. Prepare ingredients. 2. Combine and serve.,quinoa-cooked:89;almond-milk:46;strawberries-raw:97;yogurt-plain:124,seed/weightloss-recipes.jpg;seed/weightloss-products.jpg;seed/weightloss-workouts.jpg,
1,anti-inflammation,Wellness Boost 14 for Anti Inflammation,A healthy recipe designed to support anti inflammation.,easy,balanced,lunch,evening,17,15,2,1. Prepare ingredients. 2. Combine and serve.,almond-milk:163;spinach-raw:192;chia-seeds:100,seed/weightloss-recipes.jpg;seed/weightloss-products.jpg;seed/weightloss-workouts.jpg,
1,anti-inflammation,Wellness Boost 15 for Anti Inflammation,A healthy recipe designed to support anti inflammation.,medium,high-protein,snack,post-workout,16,18,3,1. Prepare ingredients. 2. Combine and serve.,flax-seeds:87;almonds-raw:162;cucumber-fresh:133,seed/weightloss-recipes.jpg;seed/weightloss-products.jpg;seed/weightloss-workouts.jpg,
1,seasonal-wellness,Wellness Boost 1 for Seasonal Wellness,A healthy recipe designed to support seasonal wellness.,medium,vegan,snack,post-workout,5,16,1,1. Prepare ingredients. 2. Combine and serve.,olive-oil:194;strawberries-raw:101;hemp-seeds:84;flax-seeds:68,seed/weightloss-recipes.jpg;seed/weightloss-products.jpg;seed/weightloss-workouts.jpg,
1,seasonal-wellness,Wellness Boost 2 for Seasonal Wellness,A healthy recipe designed to support seasonal wellness.,easy,high-protein,dinner,morning,12,13,2,1. Prepare ingredients. 2. Combine and serve.,chia-seeds:181;yogurt-plain:71;rolled-oats:195;raspberries-raw:135;blueberries-raw:35,seed/weightloss-recipes.jpg;seed/weightloss-products.jpg;seed/weightloss-workouts.jpg,
1,seasonal-wellness,Wellness Boost 3 for Seasonal Wellness,A healthy recipe designed to support seasonal wellness.,easy,balanced,lunch,noon,9,20,3,1. Prepare ingredients. 2. Combine and serve.,rolled-oats:72;lemon-juice:96;almond-milk:76,seed/weightloss-recipes.jpg;seed/weightloss-products.jpg;seed/weightloss-workouts.jpg,
1,seasonal-wellness,Wellness Boost 4 for Seasonal Wellness,A healthy recipe designed to support seasonal wellness.,medium,balanced,dinner,morning,11,14,3,1. Prepare ingredients. 2. Combine and serve.,yogurt-plain:183;olive-oil:66;strawberries-raw:179;tomato-fresh:76,seed/weightloss-recipes.jpg;seed/weightloss-products.jpg;seed/weightloss-workouts.jpg,
1,seasonal-wellness,Wellness Boost 5 for Seasonal Wellness,A healthy recipe designed to support seasonal wellness.,medium,high-protein,dinner,post-workout,7,7,2,1. Prepare ingredients. 2. Combine and serve.,lemon-juice:163;chia-seeds:159;chicken-breast:137;blueberries-raw:68,seed/weightloss-recipes.jpg;seed/weightloss-products.jpg;seed/weightloss-workouts.jpg,
1,seasonal-wellness,Wellness Boost 6 for Seasonal Wellness,A healthy recipe designed to support seasonal wellness.,easy,high-protein,snack,morning,8,2,2,1. Prepare ingredients. 2. Combine and serve.,lemon-juice:124;raspberries-raw:41;chicken-breast:165;tomato-fresh:139;flax-seeds:88,seed/weightloss-recipes.jpg;seed/weightloss-products.jpg;seed/weightloss-workouts.jpg,
1,skin-care,Wellness Boost 1 for Skin Care,A healthy recipe designed to support skin care.,medium,paleo,dinner,morning,18,4,2,1. Prepare ingredients. 2. Combine and serve.,strawberries-raw:95;hemp-seeds:78;avocado-fresh:31;tomato-fresh:31,seed/weightloss-recipes.jpg;seed/weightloss-products.jpg;seed/weightloss-workouts.jpg,
1,skin-care,Wellness Boost 2 for Skin Care,A healthy recipe designed to support skin care.,easy,balanced,snack,noon,15,13,2,1. Prepare ingredients. 2. Combine and serve.,lemon-juice:96;tomato-fresh:167;almonds-raw:138,seed/weightloss-recipes.jpg;seed/weightloss-products.jpg;seed/weightloss-workouts.jpg,
1,skin-care,Wellness Boost 3 for Skin Care,A healthy recipe designed to support skin care.,medium,vegan,snack,noon,18,17,3,1. Prepare ingredients. 2. Combine and serve.,olive-oil:94;quinoa-cooked:108;raspberries-raw:177;yogurt-plain:118,seed/weightloss-recipes.jpg;seed/weightloss-products.jpg;seed/weightloss-workouts.jpg,
1,skin-care,Wellness Boost 4 for Skin Care,A healthy recipe designed to support skin care.,medium,high-protein,breakfast,noon,19,25,3,1. Prepare ingredients. 2. Combine and serve.,chia-seeds:132;blueberries-raw:116;flax-seeds:170,seed/weightloss-recipes.jpg;seed/weightloss-products.jpg;seed/weightloss-workouts.jpg,
1,skin-care,Wellness Boost 5 for Skin Care,A healthy recipe designed to support skin care.,easy,high-protein,snack,morning,7,4,2,1. Prepare ingredients. 2. Combine and serve.,tomato-fresh:124;hemp-seeds:50;rolled-oats:185;almonds-raw:39;strawberries-raw:128,seed/weightloss-recipes.jpg;seed/weightloss-products.jpg;seed/weightloss-workouts.jpg,
1,skin-care,Wellness Boost 6 for Skin Care,A healthy recipe designed to support skin care.,medium,vegan,breakfast,noon,20,14,1,1. Prepare ingredients. 2. Combine and serve.,flax-seeds:38;avocado-fresh:183;blueberries-raw:160,seed/weightloss-recipes.jpg;seed/weightloss-products.jpg;seed/weightloss-workouts.jpg,
1,skin-care,Wellness Boost 7 for Skin Care,A healthy recipe designed to support skin care.,easy,high-protein,breakfast,evening,12,20,1,1. Prepare ingredients. 2. Combine and serve.,hemp-seeds:120;almonds-raw:131;cucumber-fresh:133,seed/weightloss-recipes.jpg;seed/weightloss-products.jpg;seed/weightloss-workouts.jpg,
1,skin-care,Wellness Boost 8 for Skin Care,A healthy recipe designed to support skin care.,easy,balanced,breakfast,morning,14,23,3,1. Prepare ingredients. 2. Combine and serve.,quinoa-cooked:146;whey-protein-isolate:133;almonds-raw:177;strawberries-raw:31;blueberries-raw:96,seed/weightloss-recipes.jpg;seed/weightloss-products.jpg;seed/weightloss-workouts.jpg,
1,skin-care,Wellness Boost 9 for Skin Care,A healthy recipe designed to support skin care.,easy,paleo,breakfast,morning,14,10,1,1. Prepare ingredients. 2. Combine and serve.,almonds-raw:174;raspberries-raw:153;whey-protein-isolate:92;chickpeas-cooked:116;cucumber-fresh:147,seed/weightloss-recipes.jpg;seed/weightloss-products.jpg;seed/weightloss-workouts.jpg,
1,skin-care,Wellness Boost 10 for Skin Care,A healthy recipe designed to support skin care.,medium,balanced,snack,morning,13,2,2,1. Prepare ingredients. 2. Combine and serve.,strawberries-raw:162;whey-protein-isolate:167;spinach-raw:32;tomato-fresh:97;quinoa-cooked:93,seed/weightloss-recipes.jpg;seed/weightloss-products.jpg;seed/weightloss-workouts.jpg,
1,skin-care,Wellness Boost 11 for Skin Care,A healthy recipe designed to support skin care.,medium,balanced,snack,evening,7,17,1,1. Prepare ingredients. 2. Combine and serve.,spinach-raw:76;quinoa-cooked:78;blueberries-raw:157;almonds-raw:81,seed/weightloss-recipes.jpg;seed/weightloss-products.jpg;seed/weightloss-workouts.jpg,
1,skin-care,Wellness Boost 12 for Skin Care,A healthy recipe designed to support skin care.,easy,high-protein,dinner,noon,12,6,1,1. Prepare ingredients. 2. Combine and serve.,quinoa-cooked:199;lemon-juice:156;chia-seeds:187;raspberries-raw:31;hemp-seeds:168,seed/weightloss-recipes.jpg;seed/weightloss-products.jpg;seed/weightloss-workouts.jpg,
1,skin-care,Wellness Boost 13 for Skin Care,A healthy recipe designed to support skin care.,easy,paleo,dinner,evening,20,18,2,1. Prepare ingredients. 2. Combine and serve.,olive-oil:86;flax-seeds:177;almonds-raw:62;cucumber-fresh:43,seed/weightloss-recipes.jpg;seed/weightloss-products.jpg;seed/weightloss-workouts.jpg,
1,skin-care,Wellness Boost 14 for Skin Care,A healthy recipe designed to support skin care.,medium,paleo,breakfast,evening,17,21,1,1. Prepare ingredients. 2. Combine and serve.,chia-seeds:32;flax-seeds:33;chickpeas-cooked:83;spinach-raw:127,seed/weightloss-recipes.jpg;seed/weightloss-products.jpg;seed/weightloss-workouts.jpg,
1,skin-care,Wellness Boost 15 for Skin Care,A healthy recipe designed to support skin care.,easy,vegan,dinner,evening,10,17,2,1. Prepare ingredients. 2. Combine and serve.,almonds-raw:123;yogurt-plain:77;spinach-raw:157,seed/weightloss-recipes.jpg;seed/weightloss-products.jpg;seed/weightloss-workouts.jpg,
1,hair-care,Wellness Boost 1 for Hair Care,A healthy recipe designed to support hair care.,medium,high-protein,snack,evening,16,12,2,1. Prepare ingredients. 2. Combine and serve.,olive-oil:55;rolled-oats:99;lemon-juice:90;strawberries-raw:172,seed/weightloss-recipes.jpg;seed/weightloss-products.jpg;seed/weightloss-workouts.jpg,
1,hair-care,Wellness Boost 2 for Hair Care,A healthy recipe designed to support hair care.,medium,paleo,lunch,noon,9,15,1,1. Prepare ingredients. 2. Combine and serve.,tomato-fresh:191;yogurt-plain:162;lemon-juice:166,seed/weightloss-recipes.jpg;seed/weightloss-products.jpg;seed/weightloss-workouts.jpg,
1,hair-care,Wellness Boost 3 for Hair Care,A healthy recipe designed to support hair care.,medium,paleo,dinner,evening,6,12,1,1. Prepare ingredients. 2. Combine and serve.,olive-oil:191;almond-milk:54;blueberries-raw:145;almonds-raw:115;yogurt-plain:96,seed/weightloss-recipes.jpg;seed/weightloss-products.jpg;seed/weightloss-workouts.jpg,
1,hair-care,Wellness Boost 4 for Hair Care,A healthy recipe designed to support hair care.,medium,vegan,dinner,evening,5,13,1,1. Prepare ingredients. 2. Combine and serve.,whey-protein-isolate:102;blueberries-raw:120;raspberries-raw:113;olive-oil:160,seed/weightloss-recipes.jpg;seed/weightloss-products.jpg;seed/weightloss-workouts.jpg,
1,hair-care,Wellness Boost 5 for Hair Care,A healthy recipe designed to support hair care.,medium,paleo,breakfast,post-workout,14,14,3,1. Prepare ingredients. 2. Combine and serve.,olive-oil:191;spinach-raw:186;tomato-fresh:176,seed/weightloss-recipes.jpg;seed/weightloss-products.jpg;seed/weightloss-workouts.jpg,
1,hair-care,Wellness Boost 6 for Hair Care,A healthy recipe designed to support hair care.,medium,balanced,breakfast,noon,15,7,2,1. Prepare ingredients. 2. Combine and serve.,avocado-fresh:143;almonds-raw:122;cucumber-fresh:180;rolled-oats:163,seed/weightloss-recipes.jpg;seed/weightloss-products.jpg;seed/weightloss-workouts.jpg,
1,hair-care,Wellness Boost 7 for Hair Care,A healthy recipe designed to support hair care.,medium,paleo,lunch,noon,5,4,3,1. Prepare ingredients. 2. Combine and serve.,almonds-raw:72;hemp-seeds:131;blueberries-raw:56,seed/weightloss-recipes.jpg;seed/weightloss-products.jpg;seed/weightloss-workouts.jpg,
1,hair-care,Wellness Boost 8 for Hair Care,A healthy recipe designed to support hair care.,easy,balanced,snack,morning,5,24,2,1. Prepare ingredients. 2. Combine and serve.,hemp-seeds:197;chia-seeds:129;almonds-raw:109;lemon-juice:88;whey-protein-isolate:93,seed/weightloss-recipes.jpg;seed/weightloss-products.jpg;seed/weightloss-workouts.jpg,
1,hair-care,Wellness Boost 9 for Hair Care,A healthy recipe designed to support hair care.,medium,paleo,lunch,noon,10,0,1,1. Prepare ingredients. 2. Combine and serve.,quinoa-cooked:170;spinach-raw:143;yogurt-plain:64;chickpeas-cooked:168;almonds-raw:75,seed/weightloss-recipes.jpg;seed/weightloss-products.jpg;seed/weightloss-workouts.jpg,
1,hair-care,Wellness Boost 10 for Hair Care,A healthy recipe designed to support hair care.,medium,paleo,dinner,evening,20,17,1,1. Prepare ingredients. 2. Combine and serve.,chickpeas-cooked:135;avocado-fresh:96;quinoa-cooked:69,seed/weightloss-recipes.jpg;seed/weightloss-products.jpg;seed/weightloss-workouts.jpg,
1,hair-care,Wellness Boost 11 for Hair Care,A healthy recipe designed to support hair care.,medium,balanced,breakfast,noon,16,9,2,1. Prepare ingredients. 2. Combine and serve.,chicken-breast:140;yogurt-plain:104;rolled-oats:182;avocado-fresh:89;whey-protein-isolate:31,seed/weightloss-recipes.jpg;seed/weightloss-products.jpg;seed/weightloss-workouts.jpg,
1,hair-care,Wellness Boost 12 for Hair Care,A healthy recipe designed to support hair care.,medium,high-protein,snack,post-workout,17,7,1,1. Prepare ingredients. 2. Combine and serve.,cucumber-fresh:138;whey-protein-isolate:190;strawberries-raw:91;almonds-raw:162;hemp-seeds:186,seed/weightloss-recipes.jpg;seed/weightloss-products.jpg;seed/weightloss-workouts.jpg,
1,hair-care,Wellness Boost 13 for Hair Care,A healthy recipe designed to support hair care.,medium,vegan,dinner,post-workout,11,2,1,1. Prepare ingredients. 2. Combine and serve.,avocado-fresh:188;chia-seeds:145;chickpeas-cooked:99,seed/weightloss-recipes.jpg;seed/weightloss-products.jpg;seed/weightloss-workouts.jpg,
1,hair-care,Wellness Boost 14 for Hair Care,A healthy recipe designed to support hair care.,medium,high-protein,dinner,morning,9,1,3,1. Prepare ingredients. 2. Combine and serve.,olive-oil:98;chia-seeds:62;avocado-fresh:142,seed/weightloss-recipes.jpg;seed/weightloss-products.jpg;seed/weightloss-workouts.jpg,
1,hair-care,Wellness Boost 15 for Hair Care,A healthy recipe designed to support hair care.,easy,high-protein,breakfast,noon,5,15,1,1. Prepare ingredients. 2. Combine and serve.,tomato-fresh:148;avocado-fresh:38;yogurt-plain:114;quinoa-cooked:50,seed/weightloss-recipes.jpg;seed/weightloss-products.jpg;seed/weightloss-workouts.jpg,
1,nail-health,Wellness Boost 1 for Nail Health,A healthy recipe designed to support nail health.,easy,balanced,dinner,post-workout,7,17,2,1. Prepare ingredients. 2. Combine and serve.,blueberries-raw:33;almonds-raw:61;cucumber-fresh:93,seed/weightloss-recipes.jpg;seed/weightloss-products.jpg;seed/weightloss-workouts.jpg,
1,nail-health,Wellness Boost 2 for Nail Health,A healthy recipe designed to support nail health.,medium,paleo,lunch,morning,11,14,3,1. Prepare ingredients. 2. Combine and serve.,flax-seeds:129;blueberries-raw:109;yogurt-plain:112,seed/weightloss-recipes.jpg;seed/weightloss-products.jpg;seed/weightloss-workouts.jpg,
1,nail-health,Wellness Boost 3 for Nail Health,A healthy recipe designed to support nail health.,easy,balanced,breakfast,evening,20,20,2,1. Prepare ingredients. 2. Combine and serve.,quinoa-cooked:58;almond-milk:90;blueberries-raw:192,seed/weightloss-recipes.jpg;seed/weightloss-products.jpg;seed/weightloss-workouts.jpg,
1,nail-health,Wellness Boost 4 for Nail Health,A healthy recipe designed to support nail health.,medium,vegan,breakfast,noon,13,18,1,1. Prepare ingredients. 2. Combine and serve.,strawberries-raw:182;chicken-breast:69;almond-milk:125;yogurt-plain:52,seed/weightloss-recipes.jpg;seed/weightloss-products.jpg;seed/weightloss-workouts.jpg,
1,nail-health,Wellness Boost 5 for Nail Health,A healthy recipe designed to support nail health.,easy,high-protein,snack,morning,15,24,3,1. Prepare ingredients. 2. Combine and serve.,almond-milk:167;quinoa-cooked:57;lemon-juice:62,seed/weightloss-recipes.jpg;seed/weightloss-products.jpg;seed/weightloss-workouts.jpg,
1,nail-health,Wellness Boost 6 for Nail Health,A healthy recipe designed to support nail health.,medium,high-protein,dinner,evening,19,23,1,1. Prepare ingredients. 2. Combine and serve.,cucumber-fresh:94;quinoa-cooked:40;lemon-juice:154,seed/weightloss-recipes.jpg;seed/weightloss-products.jpg;seed/weightloss-workouts.jpg,
1,healthy-aging-longevity,Wellness Boost 1 for Healthy Aging Longevity,A healthy recipe designed to support healthy aging longevity.,medium,vegan,snack,noon,10,17,2,1. Prepare ingredients. 2. Combine and serve.,chickpeas-cooked:47;almonds-raw:165;raspberries-raw:69;olive-oil:145,seed/weightloss-recipes.jpg;seed/weightloss-products.jpg;seed/weightloss-workouts.jpg,
1,healthy-aging-longevity,Wellness Boost 2 for Healthy Aging Longevity,A healthy recipe designed to support healthy aging longevity.,medium,vegan,dinner,post-workout,5,24,3,1. Prepare ingredients. 2. Combine and serve.,cucumber-fresh:112;olive-oil:46;chicken-breast:198;quinoa-cooked:167;strawberries-raw:129,seed/weightloss-recipes.jpg;seed/weightloss-products.jpg;seed/weightloss-workouts.jpg,
1,healthy-aging-longevity,Wellness Boost 3 for Healthy Aging Longevity,A healthy recipe designed to support healthy aging longevity.,easy,paleo,lunch,evening,15,13,3,1. Prepare ingredients. 2. Combine and serve.,chia-seeds:41;whey-protein-isolate:63;flax-seeds:75;hemp-seeds:38,seed/weightloss-recipes.jpg;seed/weightloss-products.jpg;seed/weightloss-workouts.jpg,
1,healthy-aging-longevity,Wellness Boost 4 for Healthy Aging Longevity,A healthy recipe designed to support healthy aging longevity.,easy,balanced,snack,noon,8,1,3,1. Prepare ingredients. 2. Combine and serve.,cucumber-fresh:123;yogurt-plain:86;flax-seeds:185;almonds-raw:48;almond-milk:33,seed/weightloss-recipes.jpg;seed/weightloss-products.jpg;seed/weightloss-workouts.jpg,
1,healthy-aging-longevity,Wellness Boost 5 for Healthy Aging Longevity,A healthy recipe designed to support healthy aging longevity.,easy,paleo,breakfast,post-workout,6,11,3,1. Prepare ingredients. 2. Combine and serve.,tomato-fresh:48;quinoa-cooked:107;almond-milk:49;almonds-raw:85;raspberries-raw:162,seed/weightloss-recipes.jpg;seed/weightloss-products.jpg;seed/weightloss-workouts.jpg,
1,healthy-aging-longevity,Wellness Boost 6 for Healthy Aging Longevity,A healthy recipe designed to support healthy aging longevity.,easy,balanced,lunch,post-workout,11,6,3,1. Prepare ingredients. 2. Combine and serve.,strawberries-raw:193;rolled-oats:177;olive-oil:121;tomato-fresh:147;chia-seeds:200,seed/weightloss-recipes.jpg;seed/weightloss-products.jpg;seed/weightloss-workouts.jpg,
1,healthy-aging-longevity,Wellness Boost 7 for Healthy Aging Longevity,A healthy recipe designed to support healthy aging longevity.,medium,balanced,lunch,noon,17,16,2,1. Prepare ingredients. 2. Combine and serve.,olive-oil:170;raspberries-raw:113;chickpeas-cooked:125;quinoa-cooked:135;spinach-raw:192,seed/weightloss-recipes.jpg;seed/weightloss-products.jpg;seed/weightloss-workouts.jpg,
1,healthy-aging-longevity,Wellness Boost 8 for Healthy Aging Longevity,A healthy recipe designed to support healthy aging longevity.,medium,vegan,lunch,noon,17,24,3,1. Prepare ingredients. 2. Combine and serve.,almonds-raw:30;quinoa-cooked:38;chickpeas-cooked:102;raspberries-raw:182;cucumber-fresh:34,seed/weightloss-recipes.jpg;seed/weightloss-products.jpg;seed/weightloss-workouts.jpg,
1,healthy-aging-longevity,Wellness Boost 9 for Healthy Aging Longevity,A healthy recipe designed to support healthy aging longevity.,easy,vegan,breakfast,evening,12,6,2,1. Prepare ingredients. 2. Combine and serve.,almonds-raw:172;raspberries-raw:176;flax-seeds:176,seed/weightloss-recipes.jpg;seed/weightloss-products.jpg;seed/weightloss-workouts.jpg,
1,healthy-aging-longevity,Wellness Boost 10 for Healthy Aging Longevity,A healthy recipe designed to support healthy aging longevity.,easy,balanced,breakfast,post-workout,16,4,1,1. Prepare ingredients. 2. Combine and serve.,quinoa-cooked:95;rolled-oats:106;strawberries-raw:53;raspberries-raw:176,seed/weightloss-recipes.jpg;seed/weightloss-products.jpg;seed/weightloss-workouts.jpg,
1,healthy-aging-longevity,Wellness Boost 11 for Healthy Aging Longevity,A healthy recipe designed to support healthy aging longevity.,medium,high-protein,breakfast,evening,20,5,2,1. Prepare ingredients. 2. Combine and serve.,rolled-oats:50;chia-seeds:44;avocado-fresh:115;almond-milk:119;cucumber-fresh:141,seed/weightloss-recipes.jpg;seed/weightloss-products.jpg;seed/weightloss-workouts.jpg,
1,healthy-aging-longevity,Wellness Boost 12 for Healthy Aging Longevity,A healthy recipe designed to support healthy aging longevity.,medium,balanced,lunch,morning,17,1,2,1. Prepare ingredients. 2. Combine and serve.,almond-milk:158;spinach-raw:86;raspberries-raw:69;lemon-juice:42;rolled-oats:130,seed/weightloss-recipes.jpg;seed/weightloss-products.jpg;seed/weightloss-workouts.jpg,
1,healthy-aging-longevity,Wellness Boost 13 for Healthy Aging Longevity,A healthy recipe designed to support healthy aging longevity.,medium,balanced,lunch,post-workout,14,25,2,1. Prepare ingredients. 2. Combine and serve.,lemon-juice:151;spinach-raw:176;hemp-seeds:42,seed/weightloss-recipes.jpg;seed/weightloss-products.jpg;seed/weightloss-workouts.jpg,
1,healthy-aging-longevity,Wellness Boost 14 for Healthy Aging Longevity,A healthy recipe designed to support healthy aging longevity.,medium,vegan,breakfast,post-workout,18,24,3,1. Prepare ingredients. 2. Combine and serve.,lemon-juice:80;yogurt-plain:154;raspberries-raw:131,seed/weightloss-recipes.jpg;seed/weightloss-products.jpg;seed/weightloss-workouts.jpg,
1,healthy-aging-longevity,Wellness Boost 15 for Healthy Aging Longevity,A healthy recipe designed to support healthy aging longevity.,easy,high-protein,lunch,morning,13,24,2,1. Prepare ingredients. 2. Combine and serve.,rolled-oats:138;hemp-seeds:123;chia-seeds:119;tomato-fresh:78,seed/weightloss-recipes.jpg;seed/weightloss-products.jpg;seed/weightloss-workouts.jpg,
1,detox-clean-living,Wellness Boost 1 for Detox Clean Living,A healthy recipe designed to support detox clean living.,medium,vegan,breakfast,evening,10,11,3,1. Prepare ingredients. 2. Combine and serve.,whey-protein-isolate:89;lemon-juice:81;chickpeas-cooked:125;almond-milk:69,seed/weightloss-recipes.jpg;seed/weightloss-products.jpg;seed/weightloss-workouts.jpg,
1,detox-clean-living,Wellness Boost 2 for Detox Clean Living,A healthy recipe designed to support detox clean living.,easy,balanced,breakfast,noon,9,9,1,1. Prepare ingredients. 2. Combine and serve.,chia-seeds:35;avocado-fresh:114;chickpeas-cooked:83;yogurt-plain:167,seed/weightloss-recipes.jpg;seed/weightloss-products.jpg;seed/weightloss-workouts.jpg,
1,detox-clean-living,Wellness Boost 3 for Detox Clean Living,A healthy recipe designed to support detox clean living.,easy,high-protein,dinner,post-workout,9,22,3,1. Prepare ingredients. 2. Combine and serve.,chicken-breast:73;cucumber-fresh:45;flax-seeds:102;almond-milk:81;almonds-raw:188,seed/weightloss-recipes.jpg;seed/weightloss-products.jpg;seed/weightloss-workouts.jpg,
1,detox-clean-living,Wellness Boost 4 for Detox Clean Living,A healthy recipe designed to support detox clean living.,medium,balanced,snack,morning,7,12,3,1. Prepare ingredients. 2. Combine and serve.,quinoa-cooked:196;chia-seeds:128;chicken-breast:89;avocado-fresh:127,seed/weightloss-recipes.jpg;seed/weightloss-products.jpg;seed/weightloss-workouts.jpg,
1,detox-clean-living,Wellness Boost 5 for Detox Clean Living,A healthy recipe designed to support detox clean living.,easy,vegan,snack,morning,10,6,3,1. Prepare ingredients. 2. Combine and serve.,raspberries-raw:165;chicken-breast:108;almond-milk:115;strawberries-raw:155,seed/weightloss-recipes.jpg;seed/weightloss-products.jpg;seed/weightloss-workouts.jpg,
1,detox-clean-living,Wellness Boost 6 for Detox Clean Living,A healthy recipe designed to support detox clean living.,medium,high-protein,breakfast,evening,16,11,3,1. Prepare ingredients. 2. Combine and serve.,strawberries-raw:190;flax-seeds:95;almonds-raw:129;almond-milk:37,seed/weightloss-recipes.jpg;seed/weightloss-products.jpg;seed/weightloss-workouts.jpg,
1,healthy-habits,Wellness Boost 1 for Healthy Habits,A healthy recipe designed to support healthy habits.,medium,high-protein,lunch,evening,17,21,1,1. Prepare ingredients. 2. Combine and serve.,cucumber-fresh:136;flax-seeds:91;strawberries-raw:176,seed/weightloss-recipes.jpg;seed/weightloss-products.jpg;seed/weightloss-workouts.jpg,
1,healthy-habits,Wellness Boost 2 for Healthy Habits,A healthy recipe designed to support healthy habits.,easy,paleo,dinner,evening,19,17,1,1. Prepare ingredients. 2. Combine and serve.,lemon-juice:81;rolled-oats:65;raspberries-raw:109,seed/weightloss-recipes.jpg;seed/weightloss-products.jpg;seed/weightloss-workouts.jpg,
1,healthy-habits,Wellness Boost 3 for Healthy Habits,A healthy recipe designed to support healthy habits.,easy,paleo,lunch,noon,15,2,3,1. Prepare ingredients. 2. Combine and serve.,chia-seeds:111;olive-oil:135;spinach-raw:135;lemon-juice:107;chicken-breast:143,seed/weightloss-recipes.jpg;seed/weightloss-products.jpg;seed/weightloss-workouts.jpg,
1,healthy-habits,Wellness Boost 4 for Healthy Habits,A healthy recipe designed to support healthy habits.,medium,high-protein,lunch,morning,9,5,1,1. Prepare ingredients. 2. Combine and serve.,whey-protein-isolate:36;almonds-raw:121;strawberries-raw:50;raspberries-raw:152;flax-seeds:64,seed/weightloss-recipes.jpg;seed/weightloss-products.jpg;seed/weightloss-workouts.jpg,
1,healthy-habits,Wellness Boost 5 for Healthy Habits,A healthy recipe designed to support healthy habits.,medium,vegan,lunch,post-workout,20,15,1,1. Prepare ingredients. 2. Combine and serve.,blueberries-raw:134;strawberries-raw:33;almond-milk:99,seed/weightloss-recipes.jpg;seed/weightloss-products.jpg;seed/weightloss-workouts.jpg,
1,healthy-habits,Wellness Boost 6 for Healthy Habits,A healthy recipe designed to support healthy habits.,medium,high-protein,lunch,noon,7,5,2,1. Prepare ingredients. 2. Combine and serve.,yogurt-plain:133;spinach-raw:40;chickpeas-cooked:185;strawberries-raw:127;tomato-fresh:110,seed/weightloss-recipes.jpg;seed/weightloss-products.jpg;seed/weightloss-workouts.jpg,
